Date,State,Channel,Product,Volume,Data Type
2022-01-01,AL,DIGITAL,ILP,39.0,Historical
2022-01-01,AL,DIGITAL,PDL,1516.0,Historical
2022-01-01,AL,PHYSICAL,ILP,180.0,Historical
2022-01-01,AL,PHYSICAL,PDL,15015.0,Historical
2022-01-01,CA,DIGITAL,PDL,12814.0,Historical
2022-01-01,CA,PHYSICAL,PDL,56853.0,Historical
2022-01-01,CO,DIGITAL,ILP,275.0,Historical
2022-01-01,CO,PHYSICAL,ILP,2090.0,Historical
2022-01-01,DE,DIGITAL,ILP,36.0,Historical
2022-01-01,DE,PHYSICAL,ILP,182.0,Historical
2022-01-01,FL,DIGITAL,ILP,2487.0,Historical
2022-01-01,FL,DIGITAL,PDL,4639.0,Historical
2022-01-01,FL,PHYSICAL,ILP,11002.0,Historical
2022-01-01,FL,PHYSICAL,PDL,41776.0,Historical
2022-01-01,IA,DIGITAL,PDL,566.0,Historical
2022-01-01,IA,PHYSICAL,PDL,9952.0,Historical
2022-01-01,ID,DIGITAL,ILP,13.0,Historical
2022-01-01,ID,PHYSICAL,ILP,102.0,Historical
2022-01-01,IN,DIGITAL,PDL,1148.0,Historical
2022-01-01,IN,PHYSICAL,PDL,16247.0,Historical
2022-01-01,KS,DIGITAL,PDL,424.0,Historical
2022-01-01,KS,PHYSICAL,PDL,5505.0,Historical
2022-01-01,KY,DIGITAL,PDL,1.0,Historical
2022-01-01,KY,PHYSICAL,PDL,8099.0,Historical
2022-01-01,LA,DIGITAL,PDL,2385.0,Historical
2022-01-01,LA,PHYSICAL,PDL,13719.0,Historical
2022-01-01,MI,DIGITAL,PDL,7853.0,Historical
2022-01-01,MI,PHYSICAL,PDL,33680.0,Historical
2022-01-01,MO,DIGITAL,ILP,258.0,Historical
2022-01-01,MO,DIGITAL,PDL,841.0,Historical
2022-01-01,MO,PHYSICAL,ILP,928.0,Historical
2022-01-01,MO,PHYSICAL,PDL,5350.0,Historical
2022-01-01,MS,DIGITAL,ILP,169.0,Historical
2022-01-01,MS,DIGITAL,PDL,1238.0,Historical
2022-01-01,MS,PHYSICAL,ILP,943.0,Historical
2022-01-01,MS,PHYSICAL,PDL,11410.0,Historical
2022-01-01,NV,DIGITAL,ILP,31.0,Historical
2022-01-01,NV,DIGITAL,PDL,1.0,Historical
2022-01-01,NV,PHYSICAL,ILP,563.0,Historical
2022-01-01,OH,DIGITAL,ILP,1093.0,Historical
2022-01-01,OH,PHYSICAL,ILP,4473.0,Historical
2022-01-01,OK,DIGITAL,ILP,372.0,Historical
2022-01-01,OK,PHYSICAL,ILP,1562.0,Historical
2022-01-01,RI,DIGITAL,PDL,149.0,Historical
2022-01-01,RI,PHYSICAL,PDL,6880.0,Historical
2022-01-01,SC,DIGITAL,PDL,31.0,Historical
2022-01-01,SC,PHYSICAL,PDL,17665.0,Historical
2022-01-01,TN,DIGITAL,PDL,630.0,Historical
2022-01-01,TN,PHYSICAL,PDL,6045.0,Historical
2022-01-01,TX,DIGITAL,ILP,2073.0,Historical
2022-01-01,TX,DIGITAL,PDL,4646.0,Historical
2022-01-01,TX,PHYSICAL,ILP,4255.0,Historical
2022-01-01,TX,PHYSICAL,PDL,9101.0,Historical
2022-01-01,UT,DIGITAL,ILP,12.0,Historical
2022-01-01,UT,PHYSICAL,ILP,66.0,Historical
2022-01-01,WI,DIGITAL,ILP,174.0,Historical
2022-01-01,WI,PHYSICAL,ILP,553.0,Historical
2022-01-01,WY,DIGITAL,PDL,396.0,Historical
2022-01-01,WY,PHYSICAL,PDL,2817.0,Historical
2022-02-01,AL,DIGITAL,ILP,50.0,Historical
2022-02-01,AL,DIGITAL,PDL,1434.0,Historical
2022-02-01,AL,PHYSICAL,ILP,197.0,Historical
2022-02-01,AL,PHYSICAL,PDL,15318.0,Historical
2022-02-01,CA,DIGITAL,PDL,12295.0,Historical
2022-02-01,CA,PHYSICAL,PDL,56727.0,Historical
2022-02-01,CO,DIGITAL,ILP,234.0,Historical
2022-02-01,CO,PHYSICAL,ILP,1899.0,Historical
2022-02-01,DE,DIGITAL,ILP,29.0,Historical
2022-02-01,DE,PHYSICAL,ILP,185.0,Historical
2022-02-01,FL,DIGITAL,ILP,2272.0,Historical
2022-02-01,FL,DIGITAL,PDL,4137.0,Historical
2022-02-01,FL,PHYSICAL,ILP,11051.0,Historical
2022-02-01,FL,PHYSICAL,PDL,39516.0,Historical
2022-02-01,IA,DIGITAL,PDL,573.0,Historical
2022-02-01,IA,PHYSICAL,PDL,9112.0,Historical
2022-02-01,ID,DIGITAL,ILP,6.0,Historical
2022-02-01,ID,PHYSICAL,ILP,103.0,Historical
2022-02-01,IN,DIGITAL,PDL,1119.0,Historical
2022-02-01,IN,PHYSICAL,PDL,15163.0,Historical
2022-02-01,KS,DIGITAL,PDL,386.0,Historical
2022-02-01,KS,PHYSICAL,PDL,4785.0,Historical
2022-02-01,KY,DIGITAL,PDL,1.0,Historical
2022-02-01,KY,PHYSICAL,PDL,7909.0,Historical
2022-02-01,LA,DIGITAL,PDL,2181.0,Historical
2022-02-01,LA,PHYSICAL,PDL,14002.0,Historical
2022-02-01,MI,DIGITAL,PDL,7297.0,Historical
2022-02-01,MI,PHYSICAL,PDL,33178.0,Historical
2022-02-01,MO,DIGITAL,ILP,188.0,Historical
2022-02-01,MO,DIGITAL,PDL,770.0,Historical
2022-02-01,MO,PHYSICAL,ILP,774.0,Historical
2022-02-01,MO,PHYSICAL,PDL,4944.0,Historical
2022-02-01,MS,DIGITAL,ILP,132.0,Historical
2022-02-01,MS,DIGITAL,PDL,1203.0,Historical
2022-02-01,MS,PHYSICAL,ILP,861.0,Historical
2022-02-01,MS,PHYSICAL,PDL,12067.0,Historical
2022-02-01,NV,DIGITAL,ILP,35.0,Historical
2022-02-01,NV,PHYSICAL,ILP,437.0,Historical
2022-02-01,OH,DIGITAL,ILP,1012.0,Historical
2022-02-01,OH,PHYSICAL,ILP,4294.0,Historical
2022-02-01,OK,DIGITAL,ILP,316.0,Historical
2022-02-01,OK,PHYSICAL,ILP,1366.0,Historical
2022-02-01,RI,DIGITAL,PDL,156.0,Historical
2022-02-01,RI,PHYSICAL,PDL,7016.0,Historical
2022-02-01,SC,DIGITAL,PDL,28.0,Historical
2022-02-01,SC,PHYSICAL,PDL,16421.0,Historical
2022-02-01,TN,DIGITAL,PDL,585.0,Historical
2022-02-01,TN,PHYSICAL,PDL,5388.0,Historical
2022-02-01,TX,DIGITAL,ILP,1795.0,Historical
2022-02-01,TX,DIGITAL,PDL,4343.0,Historical
2022-02-01,TX,PHYSICAL,ILP,3847.0,Historical
2022-02-01,TX,PHYSICAL,PDL,8898.0,Historical
2022-02-01,UT,DIGITAL,ILP,9.0,Historical
2022-02-01,UT,PHYSICAL,ILP,46.0,Historical
2022-02-01,WI,DIGITAL,ILP,104.0,Historical
2022-02-01,WI,PHYSICAL,ILP,463.0,Historical
2022-02-01,WY,DIGITAL,PDL,360.0,Historical
2022-02-01,WY,PHYSICAL,PDL,2754.0,Historical
2022-03-01,AL,DIGITAL,ILP,100.0,Historical
2022-03-01,AL,DIGITAL,PDL,1392.0,Historical
2022-03-01,AL,PHYSICAL,ILP,286.0,Historical
2022-03-01,AL,PHYSICAL,PDL,15271.0,Historical
2022-03-01,CA,DIGITAL,PDL,13161.0,Historical
2022-03-01,CA,PHYSICAL,PDL,58386.0,Historical
2022-03-01,CO,DIGITAL,ILP,320.0,Historical
2022-03-01,CO,PHYSICAL,ILP,2274.0,Historical
2022-03-01,DE,DIGITAL,ILP,48.0,Historical
2022-03-01,DE,PHYSICAL,ILP,210.0,Historical
2022-03-01,FL,DIGITAL,ILP,2615.0,Historical
2022-03-01,FL,DIGITAL,PDL,4109.0,Historical
2022-03-01,FL,PHYSICAL,ILP,12346.0,Historical
2022-03-01,FL,PHYSICAL,PDL,38122.0,Historical
2022-03-01,IA,DIGITAL,PDL,596.0,Historical
2022-03-01,IA,PHYSICAL,PDL,8914.0,Historical
2022-03-01,ID,DIGITAL,ILP,23.0,Historical
2022-03-01,ID,PHYSICAL,ILP,128.0,Historical
2022-03-01,IN,DIGITAL,PDL,1128.0,Historical
2022-03-01,IN,PHYSICAL,PDL,14921.0,Historical
2022-03-01,KS,DIGITAL,PDL,382.0,Historical
2022-03-01,KS,PHYSICAL,PDL,4355.0,Historical
2022-03-01,KY,DIGITAL,PDL,1.0,Historical
2022-03-01,KY,PHYSICAL,PDL,7769.0,Historical
2022-03-01,LA,DIGITAL,PDL,2264.0,Historical
2022-03-01,LA,PHYSICAL,PDL,14233.0,Historical
2022-03-01,MI,DIGITAL,PDL,7549.0,Historical
2022-03-01,MI,PHYSICAL,PDL,33925.0,Historical
2022-03-01,MO,DIGITAL,ILP,260.0,Historical
2022-03-01,MO,DIGITAL,PDL,743.0,Historical
2022-03-01,MO,PHYSICAL,ILP,1259.0,Historical
2022-03-01,MO,PHYSICAL,PDL,5138.0,Historical
2022-03-01,MS,DIGITAL,ILP,201.0,Historical
2022-03-01,MS,DIGITAL,PDL,1245.0,Historical
2022-03-01,MS,PHYSICAL,ILP,1096.0,Historical
2022-03-01,MS,PHYSICAL,PDL,11588.0,Historical
2022-03-01,NV,DIGITAL,ILP,53.0,Historical
2022-03-01,NV,PHYSICAL,ILP,455.0,Historical
2022-03-01,OH,DIGITAL,ILP,1275.0,Historical
2022-03-01,OH,PHYSICAL,ILP,5290.0,Historical
2022-03-01,OK,DIGITAL,ILP,433.0,Historical
2022-03-01,OK,PHYSICAL,ILP,1706.0,Historical
2022-03-01,RI,DIGITAL,PDL,206.0,Historical
2022-03-01,RI,PHYSICAL,PDL,7056.0,Historical
2022-03-01,SC,DIGITAL,PDL,25.0,Historical
2022-03-01,SC,PHYSICAL,PDL,13724.0,Historical
2022-03-01,TN,DIGITAL,PDL,635.0,Historical
2022-03-01,TN,PHYSICAL,PDL,5232.0,Historical
2022-03-01,TX,DIGITAL,ILP,2074.0,Historical
2022-03-01,TX,DIGITAL,PDL,4294.0,Historical
2022-03-01,TX,PHYSICAL,ILP,4616.0,Historical
2022-03-01,TX,PHYSICAL,PDL,8995.0,Historical
2022-03-01,UT,DIGITAL,ILP,17.0,Historical
2022-03-01,UT,PHYSICAL,ILP,82.0,Historical
2022-03-01,WI,DIGITAL,ILP,182.0,Historical
2022-03-01,WI,PHYSICAL,ILP,566.0,Historical
2022-03-01,WY,DIGITAL,PDL,413.0,Historical
2022-03-01,WY,PHYSICAL,PDL,3004.0,Historical
2022-04-01,AL,DIGITAL,ILP,86.0,Historical
2022-04-01,AL,DIGITAL,PDL,1529.0,Historical
2022-04-01,AL,PHYSICAL,ILP,451.0,Historical
2022-04-01,AL,PHYSICAL,PDL,16179.0,Historical
2022-04-01,CA,DIGITAL,PDL,13800.0,Historical
2022-04-01,CA,PHYSICAL,PDL,61918.0,Historical
2022-04-01,CO,DIGITAL,ILP,343.0,Historical
2022-04-01,CO,PHYSICAL,ILP,2340.0,Historical
2022-04-01,DE,DIGITAL,ILP,57.0,Historical
2022-04-01,DE,PHYSICAL,ILP,233.0,Historical
2022-04-01,FL,DIGITAL,ILP,2790.0,Historical
2022-04-01,FL,DIGITAL,PDL,4349.0,Historical
2022-04-01,FL,PHYSICAL,ILP,14867.0,Historical
2022-04-01,FL,PHYSICAL,PDL,38255.0,Historical
2022-04-01,IA,DIGITAL,PDL,684.0,Historical
2022-04-01,IA,PHYSICAL,PDL,9658.0,Historical
2022-04-01,ID,DIGITAL,ILP,19.0,Historical
2022-04-01,ID,PHYSICAL,ILP,134.0,Historical
2022-04-01,IN,DIGITAL,PDL,1253.0,Historical
2022-04-01,IN,PHYSICAL,PDL,16675.0,Historical
2022-04-01,KS,DIGITAL,PDL,419.0,Historical
2022-04-01,KS,PHYSICAL,PDL,4211.0,Historical
2022-04-01,KY,DIGITAL,PDL,1.0,Historical
2022-04-01,KY,PHYSICAL,PDL,8382.0,Historical
2022-04-01,LA,DIGITAL,PDL,2456.0,Historical
2022-04-01,LA,PHYSICAL,PDL,15122.0,Historical
2022-04-01,MI,DIGITAL,PDL,7938.0,Historical
2022-04-01,MI,PHYSICAL,PDL,35915.0,Historical
2022-04-01,MO,DIGITAL,ILP,268.0,Historical
2022-04-01,MO,DIGITAL,PDL,850.0,Historical
2022-04-01,MO,PHYSICAL,ILP,1302.0,Historical
2022-04-01,MO,PHYSICAL,PDL,5563.0,Historical
2022-04-01,MS,DIGITAL,ILP,229.0,Historical
2022-04-01,MS,DIGITAL,PDL,1380.0,Historical
2022-04-01,MS,PHYSICAL,ILP,1647.0,Historical
2022-04-01,MS,PHYSICAL,PDL,12600.0,Historical
2022-04-01,NV,DIGITAL,ILP,48.0,Historical
2022-04-01,NV,PHYSICAL,ILP,432.0,Historical
2022-04-01,OH,DIGITAL,ILP,1413.0,Historical
2022-04-01,OH,PHYSICAL,ILP,5968.0,Historical
2022-04-01,OK,DIGITAL,ILP,423.0,Historical
2022-04-01,OK,PHYSICAL,ILP,1915.0,Historical
2022-04-01,RI,DIGITAL,PDL,235.0,Historical
2022-04-01,RI,PHYSICAL,PDL,7632.0,Historical
2022-04-01,TN,DIGITAL,PDL,568.0,Historical
2022-04-01,TN,PHYSICAL,PDL,5038.0,Historical
2022-04-01,TX,DIGITAL,ILP,2193.0,Historical
2022-04-01,TX,DIGITAL,PDL,4850.0,Historical
2022-04-01,TX,PHYSICAL,ILP,4996.0,Historical
2022-04-01,TX,PHYSICAL,PDL,9733.0,Historical
2022-04-01,UT,DIGITAL,ILP,14.0,Historical
2022-04-01,UT,PHYSICAL,ILP,51.0,Historical
2022-04-01,WI,DIGITAL,ILP,167.0,Historical
2022-04-01,WI,PHYSICAL,ILP,660.0,Historical
2022-04-01,WY,DIGITAL,PDL,385.0,Historical
2022-04-01,WY,PHYSICAL,PDL,3032.0,Historical
2022-05-01,AL,DIGITAL,ILP,87.0,Historical
2022-05-01,AL,DIGITAL,PDL,1598.0,Historical
2022-05-01,AL,PHYSICAL,ILP,380.0,Historical
2022-05-01,AL,PHYSICAL,PDL,14599.0,Historical
2022-05-01,CA,DIGITAL,PDL,14106.0,Historical
2022-05-01,CA,PHYSICAL,PDL,57747.0,Historical
2022-05-01,CO,DIGITAL,ILP,331.0,Historical
2022-05-01,CO,PHYSICAL,ILP,2433.0,Historical
2022-05-01,DE,DIGITAL,ILP,39.0,Historical
2022-05-01,DE,PHYSICAL,ILP,228.0,Historical
2022-05-01,FL,DIGITAL,ILP,2992.0,Historical
2022-05-01,FL,DIGITAL,PDL,4444.0,Historical
2022-05-01,FL,PHYSICAL,ILP,15037.0,Historical
2022-05-01,FL,PHYSICAL,PDL,34859.0,Historical
2022-05-01,IA,DIGITAL,PDL,733.0,Historical
2022-05-01,IA,PHYSICAL,PDL,9386.0,Historical
2022-05-01,ID,DIGITAL,ILP,21.0,Historical
2022-05-01,ID,PHYSICAL,ILP,117.0,Historical
2022-05-01,IN,DIGITAL,PDL,1333.0,Historical
2022-05-01,IN,PHYSICAL,PDL,16242.0,Historical
2022-05-01,KS,DIGITAL,PDL,416.0,Historical
2022-05-01,KS,PHYSICAL,PDL,3426.0,Historical
2022-05-01,KY,DIGITAL,PDL,1.0,Historical
2022-05-01,KY,PHYSICAL,PDL,7614.0,Historical
2022-05-01,LA,DIGITAL,PDL,2451.0,Historical
2022-05-01,LA,PHYSICAL,PDL,12950.0,Historical
2022-05-01,MI,DIGITAL,PDL,8289.0,Historical
2022-05-01,MI,PHYSICAL,PDL,35209.0,Historical
2022-05-01,MO,DIGITAL,ILP,288.0,Historical
2022-05-01,MO,DIGITAL,PDL,793.0,Historical
2022-05-01,MO,PHYSICAL,ILP,1388.0,Historical
2022-05-01,MO,PHYSICAL,PDL,4970.0,Historical
2022-05-01,MS,DIGITAL,ILP,221.0,Historical
2022-05-01,MS,DIGITAL,PDL,1369.0,Historical
2022-05-01,MS,PHYSICAL,ILP,1516.0,Historical
2022-05-01,MS,PHYSICAL,PDL,11184.0,Historical
2022-05-01,NV,DIGITAL,ILP,60.0,Historical
2022-05-01,NV,PHYSICAL,ILP,428.0,Historical
2022-05-01,OH,DIGITAL,ILP,1456.0,Historical
2022-05-01,OH,PHYSICAL,ILP,5852.0,Historical
2022-05-01,OK,DIGITAL,ILP,439.0,Historical
2022-05-01,OK,PHYSICAL,ILP,1823.0,Historical
2022-05-01,RI,DIGITAL,PDL,267.0,Historical
2022-05-01,RI,PHYSICAL,PDL,6824.0,Historical
2022-05-01,TN,DIGITAL,PDL,603.0,Historical
2022-05-01,TN,PHYSICAL,PDL,4102.0,Historical
2022-05-01,TX,DIGITAL,ILP,2205.0,Historical
2022-05-01,TX,DIGITAL,PDL,4315.0,Historical
2022-05-01,TX,PHYSICAL,ILP,4928.0,Historical
2022-05-01,TX,PHYSICAL,PDL,8526.0,Historical
2022-05-01,UT,DIGITAL,ILP,14.0,Historical
2022-05-01,UT,PHYSICAL,ILP,67.0,Historical
2022-05-01,WI,DIGITAL,ILP,181.0,Historical
2022-05-01,WI,PHYSICAL,ILP,628.0,Historical
2022-05-01,WY,DIGITAL,PDL,409.0,Historical
2022-05-01,WY,PHYSICAL,PDL,2889.0,Historical
2022-06-01,AL,DIGITAL,ILP,82.0,Historical
2022-06-01,AL,DIGITAL,PDL,1836.0,Historical
2022-06-01,AL,PHYSICAL,ILP,488.0,Historical
2022-06-01,AL,PHYSICAL,PDL,15981.0,Historical
2022-06-01,CA,DIGITAL,PDL,15180.0,Historical
2022-06-01,CA,PHYSICAL,PDL,60750.0,Historical
2022-06-01,CO,DIGITAL,ILP,368.0,Historical
2022-06-01,CO,PHYSICAL,ILP,2491.0,Historical
2022-06-01,DE,DIGITAL,ILP,59.0,Historical
2022-06-01,DE,PHYSICAL,ILP,255.0,Historical
2022-06-01,FL,DIGITAL,ILP,3174.0,Historical
2022-06-01,FL,DIGITAL,PDL,4365.0,Historical
2022-06-01,FL,PHYSICAL,ILP,16459.0,Historical
2022-06-01,FL,PHYSICAL,PDL,34173.0,Historical
2022-06-01,IA,DIGITAL,PDL,860.0,Historical
2022-06-01,IA,PHYSICAL,PDL,9849.0,Historical
2022-06-01,ID,DIGITAL,ILP,24.0,Historical
2022-06-01,ID,PHYSICAL,ILP,126.0,Historical
2022-06-01,IN,DIGITAL,PDL,1612.0,Historical
2022-06-01,IN,PHYSICAL,PDL,18157.0,Historical
2022-06-01,KS,DIGITAL,PDL,426.0,Historical
2022-06-01,KS,PHYSICAL,PDL,3273.0,Historical
2022-06-01,KY,DIGITAL,PDL,4.0,Historical
2022-06-01,KY,PHYSICAL,PDL,8162.0,Historical
2022-06-01,LA,DIGITAL,PDL,2625.0,Historical
2022-06-01,LA,PHYSICAL,PDL,13630.0,Historical
2022-06-01,MI,DIGITAL,PDL,9184.0,Historical
2022-06-01,MI,PHYSICAL,PDL,37989.0,Historical
2022-06-01,MO,DIGITAL,ILP,259.0,Historical
2022-06-01,MO,DIGITAL,PDL,744.0,Historical
2022-06-01,MO,PHYSICAL,ILP,1551.0,Historical
2022-06-01,MO,PHYSICAL,PDL,4573.0,Historical
2022-06-01,MS,DIGITAL,ILP,236.0,Historical
2022-06-01,MS,DIGITAL,PDL,1204.0,Historical
2022-06-01,MS,PHYSICAL,ILP,1795.0,Historical
2022-06-01,MS,PHYSICAL,PDL,11406.0,Historical
2022-06-01,NV,DIGITAL,ILP,63.0,Historical
2022-06-01,NV,PHYSICAL,ILP,528.0,Historical
2022-06-01,OH,DIGITAL,ILP,1517.0,Historical
2022-06-01,OH,PHYSICAL,ILP,6568.0,Historical
2022-06-01,OK,DIGITAL,ILP,485.0,Historical
2022-06-01,OK,PHYSICAL,ILP,1988.0,Historical
2022-06-01,RI,DIGITAL,PDL,296.0,Historical
2022-06-01,RI,PHYSICAL,PDL,7666.0,Historical
2022-06-01,TN,DIGITAL,PDL,600.0,Historical
2022-06-01,TN,PHYSICAL,PDL,4356.0,Historical
2022-06-01,TX,DIGITAL,ILP,2316.0,Historical
2022-06-01,TX,DIGITAL,PDL,3903.0,Historical
2022-06-01,TX,PHYSICAL,ILP,5329.0,Historical
2022-06-01,TX,PHYSICAL,PDL,8604.0,Historical
2022-06-01,UT,DIGITAL,ILP,14.0,Historical
2022-06-01,UT,PHYSICAL,ILP,69.0,Historical
2022-06-01,WI,DIGITAL,ILP,184.0,Historical
2022-06-01,WI,PHYSICAL,ILP,681.0,Historical
2022-06-01,WY,DIGITAL,PDL,459.0,Historical
2022-06-01,WY,PHYSICAL,PDL,3030.0,Historical
2022-07-01,AL,DIGITAL,ILP,123.0,Historical
2022-07-01,AL,DIGITAL,PDL,1937.0,Historical
2022-07-01,AL,PHYSICAL,ILP,382.0,Historical
2022-07-01,AL,PHYSICAL,PDL,16630.0,Historical
2022-07-01,CA,DIGITAL,PDL,16255.0,Historical
2022-07-01,CA,PHYSICAL,PDL,64180.0,Historical
2022-07-01,CO,DIGITAL,ILP,413.0,Historical
2022-07-01,CO,PHYSICAL,ILP,2337.0,Historical
2022-07-01,DE,DIGITAL,ILP,54.0,Historical
2022-07-01,DE,PHYSICAL,ILP,262.0,Historical
2022-07-01,FL,DIGITAL,ILP,3304.0,Historical
2022-07-01,FL,DIGITAL,PDL,4865.0,Historical
2022-07-01,FL,PHYSICAL,ILP,17735.0,Historical
2022-07-01,FL,PHYSICAL,PDL,34727.0,Historical
2022-07-01,IA,DIGITAL,PDL,1094.0,Historical
2022-07-01,IA,PHYSICAL,PDL,10847.0,Historical
2022-07-01,ID,DIGITAL,ILP,22.0,Historical
2022-07-01,ID,PHYSICAL,ILP,148.0,Historical
2022-07-01,IN,DIGITAL,PDL,1857.0,Historical
2022-07-01,IN,PHYSICAL,PDL,18901.0,Historical
2022-07-01,KS,DIGITAL,PDL,454.0,Historical
2022-07-01,KS,PHYSICAL,PDL,3040.0,Historical
2022-07-01,KY,DIGITAL,PDL,3.0,Historical
2022-07-01,KY,PHYSICAL,PDL,8624.0,Historical
2022-07-01,LA,DIGITAL,PDL,2723.0,Historical
2022-07-01,LA,PHYSICAL,PDL,13513.0,Historical
2022-07-01,MI,DIGITAL,PDL,9976.0,Historical
2022-07-01,MI,PHYSICAL,PDL,41469.0,Historical
2022-07-01,MO,DIGITAL,ILP,249.0,Historical
2022-07-01,MO,DIGITAL,PDL,691.0,Historical
2022-07-01,MO,PHYSICAL,ILP,1468.0,Historical
2022-07-01,MO,PHYSICAL,PDL,4079.0,Historical
2022-07-01,MS,DIGITAL,ILP,234.0,Historical
2022-07-01,MS,DIGITAL,PDL,1131.0,Historical
2022-07-01,MS,PHYSICAL,ILP,1751.0,Historical
2022-07-01,MS,PHYSICAL,PDL,10757.0,Historical
2022-07-01,NV,DIGITAL,ILP,59.0,Historical
2022-07-01,NV,PHYSICAL,ILP,462.0,Historical
2022-07-01,OH,DIGITAL,ILP,1399.0,Historical
2022-07-01,OH,PHYSICAL,ILP,5964.0,Historical
2022-07-01,OK,DIGITAL,ILP,455.0,Historical
2022-07-01,OK,PHYSICAL,ILP,1963.0,Historical
2022-07-01,RI,DIGITAL,PDL,370.0,Historical
2022-07-01,RI,PHYSICAL,PDL,7810.0,Historical
2022-07-01,TN,DIGITAL,PDL,627.0,Historical
2022-07-01,TN,PHYSICAL,PDL,4151.0,Historical
2022-07-01,TX,DIGITAL,ILP,2274.0,Historical
2022-07-01,TX,DIGITAL,PDL,3567.0,Historical
2022-07-01,TX,PHYSICAL,ILP,5287.0,Historical
2022-07-01,TX,PHYSICAL,PDL,7977.0,Historical
2022-07-01,UT,DIGITAL,ILP,14.0,Historical
2022-07-01,UT,PHYSICAL,ILP,82.0,Historical
2022-07-01,WI,DIGITAL,ILP,178.0,Historical
2022-07-01,WI,PHYSICAL,ILP,658.0,Historical
2022-07-01,WY,DIGITAL,PDL,508.0,Historical
2022-07-01,WY,PHYSICAL,PDL,3160.0,Historical
2022-08-01,AL,DIGITAL,ILP,107.0,Historical
2022-08-01,AL,DIGITAL,PDL,1993.0,Historical
2022-08-01,AL,PHYSICAL,ILP,469.0,Historical
2022-08-01,AL,PHYSICAL,PDL,16776.0,Historical
2022-08-01,CA,DIGITAL,PDL,16644.0,Historical
2022-08-01,CA,PHYSICAL,PDL,64040.0,Historical
2022-08-01,CO,DIGITAL,ILP,413.0,Historical
2022-08-01,CO,PHYSICAL,ILP,2242.0,Historical
2022-08-01,DE,DIGITAL,ILP,44.0,Historical
2022-08-01,DE,PHYSICAL,ILP,277.0,Historical
2022-08-01,FL,DIGITAL,ILP,3420.0,Historical
2022-08-01,FL,DIGITAL,PDL,4846.0,Historical
2022-08-01,FL,PHYSICAL,ILP,17719.0,Historical
2022-08-01,FL,PHYSICAL,PDL,33372.0,Historical
2022-08-01,IA,DIGITAL,PDL,1192.0,Historical
2022-08-01,IA,PHYSICAL,PDL,10494.0,Historical
2022-08-01,ID,DIGITAL,ILP,37.0,Historical
2022-08-01,ID,PHYSICAL,ILP,126.0,Historical
2022-08-01,IN,DIGITAL,PDL,1991.0,Historical
2022-08-01,IN,PHYSICAL,PDL,18467.0,Historical
2022-08-01,KS,DIGITAL,PDL,454.0,Historical
2022-08-01,KS,PHYSICAL,PDL,2765.0,Historical
2022-08-01,KY,DIGITAL,PDL,5.0,Historical
2022-08-01,KY,PHYSICAL,PDL,8670.0,Historical
2022-08-01,LA,DIGITAL,PDL,2902.0,Historical
2022-08-01,LA,PHYSICAL,PDL,13825.0,Historical
2022-08-01,MI,DIGITAL,PDL,10365.0,Historical
2022-08-01,MI,PHYSICAL,PDL,41266.0,Historical
2022-08-01,MO,DIGITAL,ILP,262.0,Historical
2022-08-01,MO,DIGITAL,PDL,649.0,Historical
2022-08-01,MO,PHYSICAL,ILP,1527.0,Historical
2022-08-01,MO,PHYSICAL,PDL,3655.0,Historical
2022-08-01,MS,DIGITAL,ILP,257.0,Historical
2022-08-01,MS,DIGITAL,PDL,1016.0,Historical
2022-08-01,MS,PHYSICAL,ILP,1716.0,Historical
2022-08-01,MS,PHYSICAL,PDL,9610.0,Historical
2022-08-01,NV,DIGITAL,ILP,74.0,Historical
2022-08-01,NV,PHYSICAL,ILP,490.0,Historical
2022-08-01,OH,DIGITAL,ILP,1301.0,Historical
2022-08-01,OH,PHYSICAL,ILP,6011.0,Historical
2022-08-01,OK,DIGITAL,ILP,479.0,Historical
2022-08-01,OK,PHYSICAL,ILP,1976.0,Historical
2022-08-01,RI,DIGITAL,PDL,396.0,Historical
2022-08-01,RI,PHYSICAL,PDL,7641.0,Historical
2022-08-01,TN,DIGITAL,PDL,654.0,Historical
2022-08-01,TN,PHYSICAL,PDL,4087.0,Historical
2022-08-01,TX,DIGITAL,ILP,2307.0,Historical
2022-08-01,TX,DIGITAL,PDL,3169.0,Historical
2022-08-01,TX,PHYSICAL,ILP,5464.0,Historical
2022-08-01,TX,PHYSICAL,PDL,7442.0,Historical
2022-08-01,UT,DIGITAL,ILP,24.0,Historical
2022-08-01,UT,PHYSICAL,ILP,91.0,Historical
2022-08-01,WI,DIGITAL,ILP,183.0,Historical
2022-08-01,WI,PHYSICAL,ILP,753.0,Historical
2022-08-01,WY,DIGITAL,PDL,514.0,Historical
2022-08-01,WY,PHYSICAL,PDL,3233.0,Historical
2022-09-01,AL,DIGITAL,ILP,116.0,Historical
2022-09-01,AL,DIGITAL,PDL,2241.0,Historical
2022-09-01,AL,PHYSICAL,ILP,441.0,Historical
2022-09-01,AL,PHYSICAL,PDL,18299.0,Historical
2022-09-01,CA,DIGITAL,PDL,18084.0,Historical
2022-09-01,CA,PHYSICAL,PDL,68269.0,Historical
2022-09-01,CO,DIGITAL,ILP,491.0,Historical
2022-09-01,CO,PHYSICAL,ILP,2453.0,Historical
2022-09-01,DE,DIGITAL,ILP,41.0,Historical
2022-09-01,DE,PHYSICAL,ILP,211.0,Historical
2022-09-01,FL,DIGITAL,ILP,3256.0,Historical
2022-09-01,FL,DIGITAL,PDL,4996.0,Historical
2022-09-01,FL,PHYSICAL,ILP,16860.0,Historical
2022-09-01,FL,PHYSICAL,PDL,32631.0,Historical
2022-09-01,IA,DIGITAL,PDL,1326.0,Historical
2022-09-01,IA,PHYSICAL,PDL,10831.0,Historical
2022-09-01,ID,DIGITAL,ILP,35.0,Historical
2022-09-01,ID,PHYSICAL,ILP,109.0,Historical
2022-09-01,IN,DIGITAL,PDL,2162.0,Historical
2022-09-01,IN,PHYSICAL,PDL,19629.0,Historical
2022-09-01,KS,DIGITAL,PDL,456.0,Historical
2022-09-01,KS,PHYSICAL,PDL,2878.0,Historical
2022-09-01,KY,DIGITAL,PDL,2.0,Historical
2022-09-01,KY,PHYSICAL,PDL,9442.0,Historical
2022-09-01,LA,DIGITAL,PDL,3130.0,Historical
2022-09-01,LA,PHYSICAL,PDL,15016.0,Historical
2022-09-01,MI,DIGITAL,PDL,11128.0,Historical
2022-09-01,MI,PHYSICAL,PDL,45076.0,Historical
2022-09-01,MO,DIGITAL,ILP,250.0,Historical
2022-09-01,MO,DIGITAL,PDL,641.0,Historical
2022-09-01,MO,PHYSICAL,ILP,1360.0,Historical
2022-09-01,MO,PHYSICAL,PDL,3726.0,Historical
2022-09-01,MS,DIGITAL,ILP,254.0,Historical
2022-09-01,MS,DIGITAL,PDL,908.0,Historical
2022-09-01,MS,PHYSICAL,ILP,1730.0,Historical
2022-09-01,MS,PHYSICAL,PDL,10286.0,Historical
2022-09-01,NV,DIGITAL,ILP,81.0,Historical
2022-09-01,NV,PHYSICAL,ILP,458.0,Historical
2022-09-01,OH,DIGITAL,ILP,1361.0,Historical
2022-09-01,OH,PHYSICAL,ILP,5804.0,Historical
2022-09-01,OK,DIGITAL,ILP,586.0,Historical
2022-09-01,OK,PHYSICAL,ILP,1901.0,Historical
2022-09-01,RI,DIGITAL,PDL,492.0,Historical
2022-09-01,RI,PHYSICAL,PDL,8637.0,Historical
2022-09-01,TN,DIGITAL,PDL,711.0,Historical
2022-09-01,TN,PHYSICAL,PDL,4467.0,Historical
2022-09-01,TX,DIGITAL,ILP,2321.0,Historical
2022-09-01,TX,DIGITAL,PDL,3129.0,Historical
2022-09-01,TX,PHYSICAL,ILP,5533.0,Historical
2022-09-01,TX,PHYSICAL,PDL,7822.0,Historical
2022-09-01,UT,DIGITAL,ILP,25.0,Historical
2022-09-01,UT,PHYSICAL,ILP,73.0,Historical
2022-09-01,WI,DIGITAL,ILP,164.0,Historical
2022-09-01,WI,PHYSICAL,ILP,621.0,Historical
2022-09-01,WY,DIGITAL,PDL,552.0,Historical
2022-09-01,WY,PHYSICAL,PDL,3397.0,Historical
2022-10-01,AL,DIGITAL,ILP,727.0,Historical
2022-10-01,AL,DIGITAL,PDL,1156.0,Historical
2022-10-01,AL,PHYSICAL,ILP,5942.0,Historical
2022-10-01,AL,PHYSICAL,PDL,9197.0,Historical
2022-10-01,CA,DIGITAL,ILP,0.0,Historical
2022-10-01,CA,DIGITAL,PDL,17920.0,Historical
2022-10-01,CA,PHYSICAL,ILP,0.0,Historical
2022-10-01,CA,PHYSICAL,PDL,63671.0,Historical
2022-10-01,CO,DIGITAL,ILP,491.0,Historical
2022-10-01,CO,DIGITAL,PDL,0.0,Historical
2022-10-01,CO,PHYSICAL,ILP,2392.0,Historical
2022-10-01,CO,PHYSICAL,PDL,0.0,Historical
2022-10-01,DE,DIGITAL,ILP,58.0,Historical
2022-10-01,DE,PHYSICAL,ILP,212.0,Historical
2022-10-01,FL,DIGITAL,ILP,3587.0,Historical
2022-10-01,FL,DIGITAL,PDL,5152.0,Historical
2022-10-01,FL,PHYSICAL,ILP,17715.0,Historical
2022-10-01,FL,PHYSICAL,PDL,33764.0,Historical
2022-10-01,IA,DIGITAL,PDL,1526.0,Historical
2022-10-01,IA,PHYSICAL,ILP,0.0,Historical
2022-10-01,IA,PHYSICAL,PDL,11493.0,Historical
2022-10-01,ID,DIGITAL,ILP,34.0,Historical
2022-10-01,ID,DIGITAL,PDL,0.0,Historical
2022-10-01,ID,PHYSICAL,ILP,91.0,Historical
2022-10-01,ID,PHYSICAL,PDL,0.0,Historical
2022-10-01,IN,DIGITAL,PDL,2256.0,Historical
2022-10-01,IN,PHYSICAL,PDL,18015.0,Historical
2022-10-01,KS,DIGITAL,ILP,0.0,Historical
2022-10-01,KS,DIGITAL,PDL,482.0,Historical
2022-10-01,KS,PHYSICAL,ILP,0.0,Historical
2022-10-01,KS,PHYSICAL,PDL,2560.0,Historical
2022-10-01,KY,DIGITAL,PDL,2.0,Historical
2022-10-01,KY,PHYSICAL,ILP,0.0,Historical
2022-10-01,KY,PHYSICAL,PDL,8648.0,Historical
2022-10-01,LA,DIGITAL,PDL,2849.0,Historical
2022-10-01,LA,PHYSICAL,ILP,0.0,Historical
2022-10-01,LA,PHYSICAL,PDL,13194.0,Historical
2022-10-01,MI,DIGITAL,ILP,0.0,Historical
2022-10-01,MI,DIGITAL,PDL,11275.0,Historical
2022-10-01,MI,PHYSICAL,ILP,0.0,Historical
2022-10-01,MI,PHYSICAL,PDL,43738.0,Historical
2022-10-01,MO,DIGITAL,ILP,291.0,Historical
2022-10-01,MO,DIGITAL,PDL,555.0,Historical
2022-10-01,MO,PHYSICAL,ILP,1374.0,Historical
2022-10-01,MO,PHYSICAL,PDL,3151.0,Historical
2022-10-01,MS,DIGITAL,ILP,250.0,Historical
2022-10-01,MS,DIGITAL,PDL,906.0,Historical
2022-10-01,MS,PHYSICAL,ILP,1685.0,Historical
2022-10-01,MS,PHYSICAL,PDL,8500.0,Historical
2022-10-01,NV,DIGITAL,ILP,89.0,Historical
2022-10-01,NV,DIGITAL,PDL,0.0,Historical
2022-10-01,NV,PHYSICAL,ILP,417.0,Historical
2022-10-01,NV,PHYSICAL,PDL,0.0,Historical
2022-10-01,OH,DIGITAL,ILP,1425.0,Historical
2022-10-01,OH,DIGITAL,PDL,0.0,Historical
2022-10-01,OH,PHYSICAL,ILP,5652.0,Historical
2022-10-01,OH,PHYSICAL,PDL,0.0,Historical
2022-10-01,OK,DIGITAL,ILP,554.0,Historical
2022-10-01,OK,PHYSICAL,ILP,1869.0,Historical
2022-10-01,OK,PHYSICAL,PDL,0.0,Historical
2022-10-01,RI,DIGITAL,PDL,493.0,Historical
2022-10-01,RI,PHYSICAL,PDL,7517.0,Historical
2022-10-01,SC,DIGITAL,PDL,0.0,Historical
2022-10-01,SC,PHYSICAL,PDL,0.0,Historical
2022-10-01,TN,DIGITAL,ILP,0.0,Historical
2022-10-01,TN,DIGITAL,PDL,709.0,Historical
2022-10-01,TN,PHYSICAL,ILP,0.0,Historical
2022-10-01,TN,PHYSICAL,PDL,3542.0,Historical
2022-10-01,TX,DIGITAL,ILP,2571.0,Historical
2022-10-01,TX,DIGITAL,PDL,2526.0,Historical
2022-10-01,TX,PHYSICAL,ILP,5644.0,Historical
2022-10-01,TX,PHYSICAL,PDL,6579.0,Historical
2022-10-01,UT,DIGITAL,ILP,26.0,Historical
2022-10-01,UT,DIGITAL,PDL,0.0,Historical
2022-10-01,UT,PHYSICAL,ILP,57.0,Historical
2022-10-01,UT,PHYSICAL,PDL,0.0,Historical
2022-10-01,WI,DIGITAL,ILP,171.0,Historical
2022-10-01,WI,DIGITAL,PDL,0.0,Historical
2022-10-01,WI,PHYSICAL,ILP,653.0,Historical
2022-10-01,WI,PHYSICAL,PDL,0.0,Historical
2022-10-01,WY,DIGITAL,PDL,541.0,Historical
2022-10-01,WY,PHYSICAL,ILP,0.0,Historical
2022-10-01,WY,PHYSICAL,PDL,3173.0,Historical
2022-11-01,AL,DIGITAL,ILP,712.0,Historical
2022-11-01,AL,DIGITAL,PDL,0.0,Historical
2022-11-01,AL,PHYSICAL,ILP,6967.0,Historical
2022-11-01,AL,PHYSICAL,PDL,0.0,Historical
2022-11-01,CA,DIGITAL,ILP,0.0,Historical
2022-11-01,CA,DIGITAL,PDL,18066.0,Historical
2022-11-01,CA,PHYSICAL,ILP,0.0,Historical
2022-11-01,CA,PHYSICAL,PDL,63049.0,Historical
2022-11-01,CO,DIGITAL,ILP,541.0,Historical
2022-11-01,CO,DIGITAL,PDL,0.0,Historical
2022-11-01,CO,PHYSICAL,ILP,2395.0,Historical
2022-11-01,CO,PHYSICAL,PDL,0.0,Historical
2022-11-01,DE,DIGITAL,ILP,48.0,Historical
2022-11-01,DE,PHYSICAL,ILP,251.0,Historical
2022-11-01,FL,DIGITAL,ILP,3715.0,Historical
2022-11-01,FL,DIGITAL,PDL,4935.0,Historical
2022-11-01,FL,PHYSICAL,ILP,17361.0,Historical
2022-11-01,FL,PHYSICAL,PDL,31864.0,Historical
2022-11-01,IA,DIGITAL,PDL,1499.0,Historical
2022-11-01,IA,PHYSICAL,ILP,0.0,Historical
2022-11-01,IA,PHYSICAL,PDL,10572.0,Historical
2022-11-01,ID,DIGITAL,ILP,32.0,Historical
2022-11-01,ID,DIGITAL,PDL,0.0,Historical
2022-11-01,ID,PHYSICAL,ILP,118.0,Historical
2022-11-01,ID,PHYSICAL,PDL,0.0,Historical
2022-11-01,IN,DIGITAL,PDL,2301.0,Historical
2022-11-01,IN,PHYSICAL,PDL,18118.0,Historical
2022-11-01,KS,DIGITAL,ILP,0.0,Historical
2022-11-01,KS,DIGITAL,PDL,493.0,Historical
2022-11-01,KS,PHYSICAL,ILP,0.0,Historical
2022-11-01,KS,PHYSICAL,PDL,2684.0,Historical
2022-11-01,KY,DIGITAL,PDL,5.0,Historical
2022-11-01,KY,PHYSICAL,ILP,0.0,Historical
2022-11-01,KY,PHYSICAL,PDL,8787.0,Historical
2022-11-01,LA,DIGITAL,PDL,2947.0,Historical
2022-11-01,LA,PHYSICAL,ILP,0.0,Historical
2022-11-01,LA,PHYSICAL,PDL,13838.0,Historical
2022-11-01,MI,DIGITAL,ILP,0.0,Historical
2022-11-01,MI,DIGITAL,PDL,11191.0,Historical
2022-11-01,MI,PHYSICAL,ILP,0.0,Historical
2022-11-01,MI,PHYSICAL,PDL,43865.0,Historical
2022-11-01,MO,DIGITAL,ILP,312.0,Historical
2022-11-01,MO,DIGITAL,PDL,503.0,Historical
2022-11-01,MO,PHYSICAL,ILP,1414.0,Historical
2022-11-01,MO,PHYSICAL,PDL,2965.0,Historical
2022-11-01,MS,DIGITAL,ILP,294.0,Historical
2022-11-01,MS,DIGITAL,PDL,808.0,Historical
2022-11-01,MS,PHYSICAL,ILP,1797.0,Historical
2022-11-01,MS,PHYSICAL,PDL,8132.0,Historical
2022-11-01,NV,DIGITAL,ILP,98.0,Historical
2022-11-01,NV,DIGITAL,PDL,0.0,Historical
2022-11-01,NV,PHYSICAL,ILP,442.0,Historical
2022-11-01,NV,PHYSICAL,PDL,0.0,Historical
2022-11-01,OH,DIGITAL,ILP,1627.0,Historical
2022-11-01,OH,DIGITAL,PDL,0.0,Historical
2022-11-01,OH,PHYSICAL,ILP,6181.0,Historical
2022-11-01,OH,PHYSICAL,PDL,0.0,Historical
2022-11-01,OK,DIGITAL,ILP,612.0,Historical
2022-11-01,OK,PHYSICAL,ILP,1982.0,Historical
2022-11-01,OK,PHYSICAL,PDL,0.0,Historical
2022-11-01,RI,DIGITAL,PDL,540.0,Historical
2022-11-01,RI,PHYSICAL,PDL,7822.0,Historical
2022-11-01,SC,DIGITAL,PDL,0.0,Historical
2022-11-01,SC,PHYSICAL,PDL,0.0,Historical
2022-11-01,TN,DIGITAL,ILP,0.0,Historical
2022-11-01,TN,DIGITAL,PDL,668.0,Historical
2022-11-01,TN,PHYSICAL,ILP,0.0,Historical
2022-11-01,TN,PHYSICAL,PDL,3399.0,Historical
2022-11-01,TX,DIGITAL,ILP,2563.0,Historical
2022-11-01,TX,DIGITAL,PDL,2330.0,Historical
2022-11-01,TX,PHYSICAL,ILP,5796.0,Historical
2022-11-01,TX,PHYSICAL,PDL,6337.0,Historical
2022-11-01,UT,DIGITAL,ILP,32.0,Historical
2022-11-01,UT,DIGITAL,PDL,0.0,Historical
2022-11-01,UT,PHYSICAL,ILP,61.0,Historical
2022-11-01,UT,PHYSICAL,PDL,0.0,Historical
2022-11-01,WI,DIGITAL,ILP,244.0,Historical
2022-11-01,WI,DIGITAL,PDL,0.0,Historical
2022-11-01,WI,PHYSICAL,ILP,686.0,Historical
2022-11-01,WI,PHYSICAL,PDL,0.0,Historical
2022-11-01,WY,DIGITAL,PDL,554.0,Historical
2022-11-01,WY,PHYSICAL,ILP,0.0,Historical
2022-11-01,WY,PHYSICAL,PDL,3137.0,Historical
2022-12-01,AL,DIGITAL,ILP,530.0,Historical
2022-12-01,AL,DIGITAL,PDL,0.0,Historical
2022-12-01,AL,PHYSICAL,ILP,3294.0,Historical
2022-12-01,AL,PHYSICAL,PDL,0.0,Historical
2022-12-01,CA,DIGITAL,ILP,0.0,Historical
2022-12-01,CA,DIGITAL,PDL,20260.0,Historical
2022-12-01,CA,PHYSICAL,ILP,0.0,Historical
2022-12-01,CA,PHYSICAL,PDL,71885.0,Historical
2022-12-01,CO,DIGITAL,ILP,663.0,Historical
2022-12-01,CO,DIGITAL,PDL,0.0,Historical
2022-12-01,CO,PHYSICAL,ILP,2939.0,Historical
2022-12-01,CO,PHYSICAL,PDL,0.0,Historical
2022-12-01,DE,DIGITAL,ILP,88.0,Historical
2022-12-01,DE,PHYSICAL,ILP,322.0,Historical
2022-12-01,FL,DIGITAL,ILP,4285.0,Historical
2022-12-01,FL,DIGITAL,PDL,5549.0,Historical
2022-12-01,FL,PHYSICAL,ILP,21670.0,Historical
2022-12-01,FL,PHYSICAL,PDL,34873.0,Historical
2022-12-01,IA,DIGITAL,PDL,1637.0,Historical
2022-12-01,IA,PHYSICAL,ILP,0.0,Historical
2022-12-01,IA,PHYSICAL,PDL,11682.0,Historical
2022-12-01,ID,DIGITAL,ILP,51.0,Historical
2022-12-01,ID,DIGITAL,PDL,0.0,Historical
2022-12-01,ID,PHYSICAL,ILP,118.0,Historical
2022-12-01,ID,PHYSICAL,PDL,0.0,Historical
2022-12-01,IN,DIGITAL,PDL,2771.0,Historical
2022-12-01,IN,PHYSICAL,PDL,20359.0,Historical
2022-12-01,KS,DIGITAL,ILP,0.0,Historical
2022-12-01,KS,DIGITAL,PDL,585.0,Historical
2022-12-01,KS,PHYSICAL,ILP,0.0,Historical
2022-12-01,KS,PHYSICAL,PDL,2960.0,Historical
2022-12-01,KY,DIGITAL,PDL,14.0,Historical
2022-12-01,KY,PHYSICAL,ILP,0.0,Historical
2022-12-01,KY,PHYSICAL,PDL,9957.0,Historical
2022-12-01,LA,DIGITAL,PDL,3309.0,Historical
2022-12-01,LA,PHYSICAL,ILP,0.0,Historical
2022-12-01,LA,PHYSICAL,PDL,15830.0,Historical
2022-12-01,MI,DIGITAL,ILP,0.0,Historical
2022-12-01,MI,DIGITAL,PDL,12640.0,Historical
2022-12-01,MI,PHYSICAL,ILP,0.0,Historical
2022-12-01,MI,PHYSICAL,PDL,49698.0,Historical
2022-12-01,MO,DIGITAL,ILP,351.0,Historical
2022-12-01,MO,DIGITAL,PDL,563.0,Historical
2022-12-01,MO,PHYSICAL,ILP,1652.0,Historical
2022-12-01,MO,PHYSICAL,PDL,3085.0,Historical
2022-12-01,MS,DIGITAL,ILP,404.0,Historical
2022-12-01,MS,DIGITAL,PDL,752.0,Historical
2022-12-01,MS,PHYSICAL,ILP,2298.0,Historical
2022-12-01,MS,PHYSICAL,PDL,8681.0,Historical
2022-12-01,NV,DIGITAL,ILP,123.0,Historical
2022-12-01,NV,DIGITAL,PDL,0.0,Historical
2022-12-01,NV,PHYSICAL,ILP,482.0,Historical
2022-12-01,NV,PHYSICAL,PDL,0.0,Historical
2022-12-01,OH,DIGITAL,ILP,1755.0,Historical
2022-12-01,OH,DIGITAL,PDL,0.0,Historical
2022-12-01,OH,PHYSICAL,ILP,7468.0,Historical
2022-12-01,OH,PHYSICAL,PDL,0.0,Historical
2022-12-01,OK,DIGITAL,ILP,711.0,Historical
2022-12-01,OK,PHYSICAL,ILP,2316.0,Historical
2022-12-01,OK,PHYSICAL,PDL,0.0,Historical
2022-12-01,RI,DIGITAL,PDL,658.0,Historical
2022-12-01,RI,PHYSICAL,PDL,9156.0,Historical
2022-12-01,SC,DIGITAL,PDL,0.0,Historical
2022-12-01,SC,PHYSICAL,PDL,0.0,Historical
2022-12-01,TN,DIGITAL,ILP,0.0,Historical
2022-12-01,TN,DIGITAL,PDL,835.0,Historical
2022-12-01,TN,PHYSICAL,ILP,0.0,Historical
2022-12-01,TN,PHYSICAL,PDL,3679.0,Historical
2022-12-01,TX,DIGITAL,ILP,2959.0,Historical
2022-12-01,TX,DIGITAL,PDL,2641.0,Historical
2022-12-01,TX,PHYSICAL,ILP,7237.0,Historical
2022-12-01,TX,PHYSICAL,PDL,7018.0,Historical
2022-12-01,UT,DIGITAL,ILP,46.0,Historical
2022-12-01,UT,DIGITAL,PDL,0.0,Historical
2022-12-01,UT,PHYSICAL,ILP,87.0,Historical
2022-12-01,UT,PHYSICAL,PDL,0.0,Historical
2022-12-01,WI,DIGITAL,ILP,254.0,Historical
2022-12-01,WI,DIGITAL,PDL,0.0,Historical
2022-12-01,WI,PHYSICAL,ILP,725.0,Historical
2022-12-01,WI,PHYSICAL,PDL,0.0,Historical
2022-12-01,WY,DIGITAL,PDL,640.0,Historical
2022-12-01,WY,PHYSICAL,ILP,0.0,Historical
2022-12-01,WY,PHYSICAL,PDL,3393.0,Historical
2023-01-01,AL,DIGITAL,ILP,508.0,Historical
2023-01-01,AL,DIGITAL,PDL,0.0,Historical
2023-01-01,AL,PHYSICAL,ILP,3324.0,Historical
2023-01-01,AL,PHYSICAL,PDL,0.0,Historical
2023-01-01,CA,DIGITAL,ILP,0.0,Historical
2023-01-01,CA,DIGITAL,PDL,18186.0,Historical
2023-01-01,CA,PHYSICAL,ILP,0.0,Historical
2023-01-01,CA,PHYSICAL,PDL,59592.0,Historical
2023-01-01,CO,DIGITAL,ILP,545.0,Historical
2023-01-01,CO,DIGITAL,PDL,0.0,Historical
2023-01-01,CO,PHYSICAL,ILP,2119.0,Historical
2023-01-01,CO,PHYSICAL,PDL,0.0,Historical
2023-01-01,DE,DIGITAL,ILP,72.0,Historical
2023-01-01,DE,PHYSICAL,ILP,227.0,Historical
2023-01-01,FL,DIGITAL,ILP,3595.0,Historical
2023-01-01,FL,DIGITAL,PDL,5284.0,Historical
2023-01-01,FL,PHYSICAL,ILP,16922.0,Historical
2023-01-01,FL,PHYSICAL,PDL,29603.0,Historical
2023-01-01,IA,DIGITAL,PDL,1606.0,Historical
2023-01-01,IA,PHYSICAL,ILP,0.0,Historical
2023-01-01,IA,PHYSICAL,PDL,10680.0,Historical
2023-01-01,ID,DIGITAL,ILP,50.0,Historical
2023-01-01,ID,DIGITAL,PDL,0.0,Historical
2023-01-01,ID,PHYSICAL,ILP,106.0,Historical
2023-01-01,ID,PHYSICAL,PDL,0.0,Historical
2023-01-01,IN,DIGITAL,PDL,2512.0,Historical
2023-01-01,IN,PHYSICAL,PDL,16907.0,Historical
2023-01-01,KS,DIGITAL,ILP,0.0,Historical
2023-01-01,KS,DIGITAL,PDL,478.0,Historical
2023-01-01,KS,PHYSICAL,ILP,0.0,Historical
2023-01-01,KS,PHYSICAL,PDL,2435.0,Historical
2023-01-01,KY,DIGITAL,PDL,12.0,Historical
2023-01-01,KY,PHYSICAL,ILP,0.0,Historical
2023-01-01,KY,PHYSICAL,PDL,8347.0,Historical
2023-01-01,LA,DIGITAL,PDL,2917.0,Historical
2023-01-01,LA,PHYSICAL,ILP,0.0,Historical
2023-01-01,LA,PHYSICAL,PDL,12712.0,Historical
2023-01-01,MI,DIGITAL,ILP,0.0,Historical
2023-01-01,MI,DIGITAL,PDL,11539.0,Historical
2023-01-01,MI,PHYSICAL,ILP,0.0,Historical
2023-01-01,MI,PHYSICAL,PDL,44487.0,Historical
2023-01-01,MO,DIGITAL,ILP,283.0,Historical
2023-01-01,MO,DIGITAL,PDL,315.0,Historical
2023-01-01,MO,PHYSICAL,ILP,1150.0,Historical
2023-01-01,MO,PHYSICAL,PDL,1827.0,Historical
2023-01-01,MS,DIGITAL,ILP,314.0,Historical
2023-01-01,MS,DIGITAL,PDL,494.0,Historical
2023-01-01,MS,PHYSICAL,ILP,1725.0,Historical
2023-01-01,MS,PHYSICAL,PDL,5202.0,Historical
2023-01-01,NV,DIGITAL,ILP,116.0,Historical
2023-01-01,NV,DIGITAL,PDL,0.0,Historical
2023-01-01,NV,PHYSICAL,ILP,398.0,Historical
2023-01-01,NV,PHYSICAL,PDL,0.0,Historical
2023-01-01,OH,DIGITAL,ILP,1339.0,Historical
2023-01-01,OH,DIGITAL,PDL,0.0,Historical
2023-01-01,OH,PHYSICAL,ILP,4787.0,Historical
2023-01-01,OH,PHYSICAL,PDL,0.0,Historical
2023-01-01,OK,DIGITAL,ILP,620.0,Historical
2023-01-01,OK,PHYSICAL,ILP,1739.0,Historical
2023-01-01,OK,PHYSICAL,PDL,0.0,Historical
2023-01-01,RI,DIGITAL,PDL,605.0,Historical
2023-01-01,RI,PHYSICAL,PDL,7416.0,Historical
2023-01-01,SC,DIGITAL,PDL,0.0,Historical
2023-01-01,SC,PHYSICAL,PDL,0.0,Historical
2023-01-01,TN,DIGITAL,ILP,0.0,Historical
2023-01-01,TN,DIGITAL,PDL,748.0,Historical
2023-01-01,TN,PHYSICAL,ILP,0.0,Historical
2023-01-01,TN,PHYSICAL,PDL,2949.0,Historical
2023-01-01,TX,DIGITAL,ILP,2351.0,Historical
2023-01-01,TX,DIGITAL,PDL,1714.0,Historical
2023-01-01,TX,PHYSICAL,ILP,5506.0,Historical
2023-01-01,TX,PHYSICAL,PDL,4878.0,Historical
2023-01-01,UT,DIGITAL,ILP,41.0,Historical
2023-01-01,UT,DIGITAL,PDL,0.0,Historical
2023-01-01,UT,PHYSICAL,ILP,74.0,Historical
2023-01-01,UT,PHYSICAL,PDL,0.0,Historical
2023-01-01,WI,DIGITAL,ILP,215.0,Historical
2023-01-01,WI,DIGITAL,PDL,0.0,Historical
2023-01-01,WI,PHYSICAL,ILP,656.0,Historical
2023-01-01,WI,PHYSICAL,PDL,0.0,Historical
2023-01-01,WY,DIGITAL,PDL,591.0,Historical
2023-01-01,WY,PHYSICAL,ILP,0.0,Historical
2023-01-01,WY,PHYSICAL,PDL,3072.0,Historical
2023-02-01,AL,DIGITAL,ILP,355.0,Historical
2023-02-01,AL,DIGITAL,PDL,0.0,Historical
2023-02-01,AL,PHYSICAL,ILP,2256.0,Historical
2023-02-01,AL,PHYSICAL,PDL,0.0,Historical
2023-02-01,CA,DIGITAL,ILP,0.0,Historical
2023-02-01,CA,DIGITAL,PDL,10747.0,Historical
2023-02-01,CA,PHYSICAL,ILP,0.0,Historical
2023-02-01,CA,PHYSICAL,PDL,37682.0,Historical
2023-02-01,CO,DIGITAL,ILP,294.0,Historical
2023-02-01,CO,DIGITAL,PDL,0.0,Historical
2023-02-01,CO,PHYSICAL,ILP,1158.0,Historical
2023-02-01,CO,PHYSICAL,PDL,0.0,Historical
2023-02-01,DE,DIGITAL,ILP,25.0,Historical
2023-02-01,DE,PHYSICAL,ILP,115.0,Historical
2023-02-01,FL,DIGITAL,ILP,2293.0,Historical
2023-02-01,FL,DIGITAL,PDL,2946.0,Historical
2023-02-01,FL,PHYSICAL,ILP,10831.0,Historical
2023-02-01,FL,PHYSICAL,PDL,21015.0,Historical
2023-02-01,IA,DIGITAL,PDL,925.0,Historical
2023-02-01,IA,PHYSICAL,ILP,0.0,Historical
2023-02-01,IA,PHYSICAL,PDL,6125.0,Historical
2023-02-01,ID,DIGITAL,ILP,29.0,Historical
2023-02-01,ID,DIGITAL,PDL,0.0,Historical
2023-02-01,ID,PHYSICAL,ILP,55.0,Historical
2023-02-01,ID,PHYSICAL,PDL,0.0,Historical
2023-02-01,IN,DIGITAL,PDL,1533.0,Historical
2023-02-01,IN,PHYSICAL,PDL,9920.0,Historical
2023-02-01,KS,DIGITAL,ILP,0.0,Historical
2023-02-01,KS,DIGITAL,PDL,275.0,Historical
2023-02-01,KS,PHYSICAL,ILP,0.0,Historical
2023-02-01,KS,PHYSICAL,PDL,1579.0,Historical
2023-02-01,KY,DIGITAL,PDL,3.0,Historical
2023-02-01,KY,PHYSICAL,ILP,0.0,Historical
2023-02-01,KY,PHYSICAL,PDL,4846.0,Historical
2023-02-01,LA,DIGITAL,PDL,1687.0,Historical
2023-02-01,LA,PHYSICAL,ILP,0.0,Historical
2023-02-01,LA,PHYSICAL,PDL,8765.0,Historical
2023-02-01,MI,DIGITAL,ILP,0.0,Historical
2023-02-01,MI,DIGITAL,PDL,6567.0,Historical
2023-02-01,MI,PHYSICAL,ILP,0.0,Historical
2023-02-01,MI,PHYSICAL,PDL,25722.0,Historical
2023-02-01,MO,DIGITAL,ILP,141.0,Historical
2023-02-01,MO,DIGITAL,PDL,190.0,Historical
2023-02-01,MO,PHYSICAL,ILP,579.0,Historical
2023-02-01,MO,PHYSICAL,PDL,1111.0,Historical
2023-02-01,MS,DIGITAL,ILP,132.0,Historical
2023-02-01,MS,DIGITAL,PDL,262.0,Historical
2023-02-01,MS,PHYSICAL,ILP,823.0,Historical
2023-02-01,MS,PHYSICAL,PDL,3538.0,Historical
2023-02-01,NV,DIGITAL,ILP,51.0,Historical
2023-02-01,NV,DIGITAL,PDL,0.0,Historical
2023-02-01,NV,PHYSICAL,ILP,191.0,Historical
2023-02-01,NV,PHYSICAL,PDL,0.0,Historical
2023-02-01,OH,DIGITAL,ILP,766.0,Historical
2023-02-01,OH,DIGITAL,PDL,0.0,Historical
2023-02-01,OH,PHYSICAL,ILP,2961.0,Historical
2023-02-01,OH,PHYSICAL,PDL,0.0,Historical
2023-02-01,OK,DIGITAL,ILP,288.0,Historical
2023-02-01,OK,PHYSICAL,ILP,993.0,Historical
2023-02-01,OK,PHYSICAL,PDL,0.0,Historical
2023-02-01,RI,DIGITAL,PDL,403.0,Historical
2023-02-01,RI,PHYSICAL,PDL,5049.0,Historical
2023-02-01,SC,DIGITAL,PDL,0.0,Historical
2023-02-01,SC,PHYSICAL,PDL,0.0,Historical
2023-02-01,TN,DIGITAL,ILP,0.0,Historical
2023-02-01,TN,DIGITAL,PDL,444.0,Historical
2023-02-01,TN,PHYSICAL,ILP,0.0,Historical
2023-02-01,TN,PHYSICAL,PDL,1854.0,Historical
2023-02-01,TX,DIGITAL,ILP,1272.0,Historical
2023-02-01,TX,DIGITAL,PDL,919.0,Historical
2023-02-01,TX,PHYSICAL,ILP,3386.0,Historical
2023-02-01,TX,PHYSICAL,PDL,3151.0,Historical
2023-02-01,UT,DIGITAL,ILP,17.0,Historical
2023-02-01,UT,DIGITAL,PDL,0.0,Historical
2023-02-01,UT,PHYSICAL,ILP,32.0,Historical
2023-02-01,UT,PHYSICAL,PDL,0.0,Historical
2023-02-01,WI,DIGITAL,ILP,86.0,Historical
2023-02-01,WI,DIGITAL,PDL,0.0,Historical
2023-02-01,WI,PHYSICAL,ILP,294.0,Historical
2023-02-01,WI,PHYSICAL,PDL,0.0,Historical
2023-02-01,WY,DIGITAL,PDL,346.0,Historical
2023-02-01,WY,PHYSICAL,ILP,0.0,Historical
2023-02-01,WY,PHYSICAL,PDL,1777.0,Historical
2023-03-01,AL,DIGITAL,ILP,704.0,Historical
2023-03-01,AL,DIGITAL,PDL,0.0,Historical
2023-03-01,AL,PHYSICAL,ILP,3628.0,Historical
2023-03-01,AL,PHYSICAL,PDL,0.0,Historical
2023-03-01,CA,DIGITAL,ILP,0.0,Historical
2023-03-01,CA,DIGITAL,PDL,16258.0,Historical
2023-03-01,CA,PHYSICAL,ILP,0.0,Historical
2023-03-01,CA,PHYSICAL,PDL,58800.0,Historical
2023-03-01,CO,DIGITAL,ILP,747.0,Historical
2023-03-01,CO,DIGITAL,PDL,0.0,Historical
2023-03-01,CO,PHYSICAL,ILP,2595.0,Historical
2023-03-01,CO,PHYSICAL,PDL,0.0,Historical
2023-03-01,DE,DIGITAL,ILP,57.0,Historical
2023-03-01,DE,PHYSICAL,ILP,225.0,Historical
2023-03-01,FL,DIGITAL,ILP,3791.0,Historical
2023-03-01,FL,DIGITAL,PDL,4281.0,Historical
2023-03-01,FL,PHYSICAL,ILP,18076.0,Historical
2023-03-01,FL,PHYSICAL,PDL,28091.0,Historical
2023-03-01,IA,DIGITAL,PDL,1304.0,Historical
2023-03-01,IA,PHYSICAL,ILP,0.0,Historical
2023-03-01,IA,PHYSICAL,PDL,9029.0,Historical
2023-03-01,ID,DIGITAL,ILP,61.0,Historical
2023-03-01,ID,DIGITAL,PDL,0.0,Historical
2023-03-01,ID,PHYSICAL,ILP,82.0,Historical
2023-03-01,ID,PHYSICAL,PDL,0.0,Historical
2023-03-01,IN,DIGITAL,PDL,2089.0,Historical
2023-03-01,IN,PHYSICAL,PDL,15296.0,Historical
2023-03-01,KS,DIGITAL,ILP,0.0,Historical
2023-03-01,KS,DIGITAL,PDL,445.0,Historical
2023-03-01,KS,PHYSICAL,ILP,0.0,Historical
2023-03-01,KS,PHYSICAL,PDL,2423.0,Historical
2023-03-01,KY,DIGITAL,PDL,8.0,Historical
2023-03-01,KY,PHYSICAL,ILP,0.0,Historical
2023-03-01,KY,PHYSICAL,PDL,8207.0,Historical
2023-03-01,LA,DIGITAL,PDL,2598.0,Historical
2023-03-01,LA,PHYSICAL,ILP,0.0,Historical
2023-03-01,LA,PHYSICAL,PDL,13168.0,Historical
2023-03-01,MI,DIGITAL,ILP,0.0,Historical
2023-03-01,MI,DIGITAL,PDL,9891.0,Historical
2023-03-01,MI,PHYSICAL,ILP,0.0,Historical
2023-03-01,MI,PHYSICAL,PDL,43040.0,Historical
2023-03-01,MO,DIGITAL,ILP,325.0,Historical
2023-03-01,MO,DIGITAL,PDL,241.0,Historical
2023-03-01,MO,PHYSICAL,ILP,1225.0,Historical
2023-03-01,MO,PHYSICAL,PDL,1573.0,Historical
2023-03-01,MS,DIGITAL,ILP,325.0,Historical
2023-03-01,MS,DIGITAL,PDL,401.0,Historical
2023-03-01,MS,PHYSICAL,ILP,1833.0,Historical
2023-03-01,MS,PHYSICAL,PDL,5122.0,Historical
2023-03-01,NV,DIGITAL,ILP,154.0,Historical
2023-03-01,NV,DIGITAL,PDL,0.0,Historical
2023-03-01,NV,PHYSICAL,ILP,444.0,Historical
2023-03-01,NV,PHYSICAL,PDL,0.0,Historical
2023-03-01,OH,DIGITAL,ILP,1603.0,Historical
2023-03-01,OH,DIGITAL,PDL,0.0,Historical
2023-03-01,OH,PHYSICAL,ILP,6208.0,Historical
2023-03-01,OH,PHYSICAL,PDL,0.0,Historical
2023-03-01,OK,DIGITAL,ILP,771.0,Historical
2023-03-01,OK,PHYSICAL,ILP,2169.0,Historical
2023-03-01,OK,PHYSICAL,PDL,0.0,Historical
2023-03-01,RI,DIGITAL,PDL,569.0,Historical
2023-03-01,RI,PHYSICAL,PDL,7567.0,Historical
2023-03-01,SC,DIGITAL,PDL,0.0,Historical
2023-03-01,SC,PHYSICAL,PDL,0.0,Historical
2023-03-01,TN,DIGITAL,ILP,0.0,Historical
2023-03-01,TN,DIGITAL,PDL,633.0,Historical
2023-03-01,TN,PHYSICAL,ILP,0.0,Historical
2023-03-01,TN,PHYSICAL,PDL,2828.0,Historical
2023-03-01,TX,DIGITAL,ILP,2822.0,Historical
2023-03-01,TX,DIGITAL,PDL,1292.0,Historical
2023-03-01,TX,PHYSICAL,ILP,6895.0,Historical
2023-03-01,TX,PHYSICAL,PDL,4264.0,Historical
2023-03-01,UT,DIGITAL,ILP,41.0,Historical
2023-03-01,UT,DIGITAL,PDL,0.0,Historical
2023-03-01,UT,PHYSICAL,ILP,85.0,Historical
2023-03-01,UT,PHYSICAL,PDL,0.0,Historical
2023-03-01,WI,DIGITAL,ILP,266.0,Historical
2023-03-01,WI,DIGITAL,PDL,0.0,Historical
2023-03-01,WI,PHYSICAL,ILP,680.0,Historical
2023-03-01,WI,PHYSICAL,PDL,0.0,Historical
2023-03-01,WY,DIGITAL,PDL,542.0,Historical
2023-03-01,WY,PHYSICAL,ILP,0.0,Historical
2023-03-01,WY,PHYSICAL,PDL,3103.0,Historical
2023-04-01,AL,DIGITAL,ILP,526.0,Historical
2023-04-01,AL,DIGITAL,PDL,0.0,Historical
2023-04-01,AL,PHYSICAL,ILP,3391.0,Historical
2023-04-01,AL,PHYSICAL,PDL,0.0,Historical
2023-04-01,CA,DIGITAL,ILP,0.0,Historical
2023-04-01,CA,DIGITAL,PDL,15927.0,Historical
2023-04-01,CA,PHYSICAL,ILP,0.0,Historical
2023-04-01,CA,PHYSICAL,PDL,54306.0,Historical
2023-04-01,CO,DIGITAL,ILP,644.0,Historical
2023-04-01,CO,DIGITAL,PDL,0.0,Historical
2023-04-01,CO,PHYSICAL,ILP,2429.0,Historical
2023-04-01,CO,PHYSICAL,PDL,0.0,Historical
2023-04-01,DE,DIGITAL,ILP,75.0,Historical
2023-04-01,DE,PHYSICAL,ILP,237.0,Historical
2023-04-01,FL,DIGITAL,ILP,3710.0,Historical
2023-04-01,FL,DIGITAL,PDL,4544.0,Historical
2023-04-01,FL,PHYSICAL,ILP,17726.0,Historical
2023-04-01,FL,PHYSICAL,PDL,27897.0,Historical
2023-04-01,IA,DIGITAL,PDL,1425.0,Historical
2023-04-01,IA,PHYSICAL,ILP,0.0,Historical
2023-04-01,IA,PHYSICAL,PDL,9479.0,Historical
2023-04-01,ID,DIGITAL,ILP,64.0,Historical
2023-04-01,ID,PHYSICAL,ILP,97.0,Historical
2023-04-01,ID,PHYSICAL,PDL,0.0,Historical
2023-04-01,IN,DIGITAL,PDL,2155.0,Historical
2023-04-01,IN,PHYSICAL,PDL,14877.0,Historical
2023-04-01,KS,DIGITAL,ILP,0.0,Historical
2023-04-01,KS,DIGITAL,PDL,465.0,Historical
2023-04-01,KS,PHYSICAL,ILP,0.0,Historical
2023-04-01,KS,PHYSICAL,PDL,2143.0,Historical
2023-04-01,KY,DIGITAL,PDL,5.0,Historical
2023-04-01,KY,PHYSICAL,ILP,0.0,Historical
2023-04-01,KY,PHYSICAL,PDL,7405.0,Historical
2023-04-01,LA,DIGITAL,PDL,2461.0,Historical
2023-04-01,LA,PHYSICAL,ILP,0.0,Historical
2023-04-01,LA,PHYSICAL,PDL,11357.0,Historical
2023-04-01,MI,DIGITAL,ILP,0.0,Historical
2023-04-01,MI,DIGITAL,PDL,9935.0,Historical
2023-04-01,MI,PHYSICAL,ILP,0.0,Historical
2023-04-01,MI,PHYSICAL,PDL,39488.0,Historical
2023-04-01,MO,DIGITAL,ILP,324.0,Historical
2023-04-01,MO,DIGITAL,PDL,238.0,Historical
2023-04-01,MO,PHYSICAL,ILP,1276.0,Historical
2023-04-01,MO,PHYSICAL,PDL,1425.0,Historical
2023-04-01,MS,DIGITAL,ILP,364.0,Historical
2023-04-01,MS,DIGITAL,PDL,401.0,Historical
2023-04-01,MS,PHYSICAL,ILP,2112.0,Historical
2023-04-01,MS,PHYSICAL,PDL,4549.0,Historical
2023-04-01,NV,DIGITAL,ILP,118.0,Historical
2023-04-01,NV,DIGITAL,PDL,0.0,Historical
2023-04-01,NV,PHYSICAL,ILP,451.0,Historical
2023-04-01,NV,PHYSICAL,PDL,0.0,Historical
2023-04-01,OH,DIGITAL,ILP,1586.0,Historical
2023-04-01,OH,DIGITAL,PDL,0.0,Historical
2023-04-01,OH,PHYSICAL,ILP,5933.0,Historical
2023-04-01,OH,PHYSICAL,PDL,0.0,Historical
2023-04-01,OK,DIGITAL,ILP,662.0,Historical
2023-04-01,OK,PHYSICAL,ILP,2008.0,Historical
2023-04-01,OK,PHYSICAL,PDL,0.0,Historical
2023-04-01,RI,DIGITAL,PDL,541.0,Historical
2023-04-01,RI,PHYSICAL,PDL,6723.0,Historical
2023-04-01,SC,DIGITAL,PDL,0.0,Historical
2023-04-01,SC,PHYSICAL,PDL,0.0,Historical
2023-04-01,TN,DIGITAL,ILP,0.0,Historical
2023-04-01,TN,DIGITAL,PDL,587.0,Historical
2023-04-01,TN,PHYSICAL,ILP,0.0,Historical
2023-04-01,TN,PHYSICAL,PDL,2337.0,Historical
2023-04-01,TX,DIGITAL,ILP,2385.0,Historical
2023-04-01,TX,DIGITAL,PDL,1193.0,Historical
2023-04-01,TX,PHYSICAL,ILP,5695.0,Historical
2023-04-01,TX,PHYSICAL,PDL,3752.0,Historical
2023-04-01,UT,DIGITAL,ILP,35.0,Historical
2023-04-01,UT,DIGITAL,PDL,0.0,Historical
2023-04-01,UT,PHYSICAL,ILP,51.0,Historical
2023-04-01,UT,PHYSICAL,PDL,0.0,Historical
2023-04-01,WI,DIGITAL,ILP,271.0,Historical
2023-04-01,WI,DIGITAL,PDL,0.0,Historical
2023-04-01,WI,PHYSICAL,ILP,680.0,Historical
2023-04-01,WI,PHYSICAL,PDL,0.0,Historical
2023-04-01,WY,DIGITAL,PDL,500.0,Historical
2023-04-01,WY,PHYSICAL,ILP,0.0,Historical
2023-04-01,WY,PHYSICAL,PDL,2651.0,Historical
2023-05-01,AL,DIGITAL,ILP,621.0,Historical
2023-05-01,AL,DIGITAL,PDL,0.0,Historical
2023-05-01,AL,PHYSICAL,ILP,3524.0,Historical
2023-05-01,AL,PHYSICAL,PDL,0.0,Historical
2023-05-01,CA,DIGITAL,ILP,0.0,Historical
2023-05-01,CA,DIGITAL,PDL,16864.0,Historical
2023-05-01,CA,PHYSICAL,ILP,0.0,Historical
2023-05-01,CA,PHYSICAL,PDL,59402.0,Historical
2023-05-01,CO,DIGITAL,ILP,649.0,Historical
2023-05-01,CO,DIGITAL,PDL,0.0,Historical
2023-05-01,CO,PHYSICAL,ILP,2631.0,Historical
2023-05-01,CO,PHYSICAL,PDL,0.0,Historical
2023-05-01,DE,DIGITAL,ILP,72.0,Historical
2023-05-01,DE,PHYSICAL,ILP,239.0,Historical
2023-05-01,FL,DIGITAL,ILP,4021.0,Historical
2023-05-01,FL,DIGITAL,PDL,4701.0,Historical
2023-05-01,FL,PHYSICAL,ILP,18569.0,Historical
2023-05-01,FL,PHYSICAL,PDL,27948.0,Historical
2023-05-01,IA,DIGITAL,PDL,1493.0,Historical
2023-05-01,IA,PHYSICAL,ILP,0.0,Historical
2023-05-01,IA,PHYSICAL,PDL,9667.0,Historical
2023-05-01,ID,DIGITAL,ILP,53.0,Historical
2023-05-01,ID,PHYSICAL,ILP,110.0,Historical
2023-05-01,ID,PHYSICAL,PDL,0.0,Historical
2023-05-01,IN,DIGITAL,PDL,2391.0,Historical
2023-05-01,IN,PHYSICAL,PDL,16575.0,Historical
2023-05-01,KS,DIGITAL,ILP,0.0,Historical
2023-05-01,KS,DIGITAL,PDL,494.0,Historical
2023-05-01,KS,PHYSICAL,ILP,0.0,Historical
2023-05-01,KS,PHYSICAL,PDL,2274.0,Historical
2023-05-01,KY,DIGITAL,PDL,4.0,Historical
2023-05-01,KY,PHYSICAL,ILP,0.0,Historical
2023-05-01,KY,PHYSICAL,PDL,8030.0,Historical
2023-05-01,LA,DIGITAL,PDL,2604.0,Historical
2023-05-01,LA,PHYSICAL,ILP,0.0,Historical
2023-05-01,LA,PHYSICAL,PDL,12856.0,Historical
2023-05-01,MI,DIGITAL,ILP,0.0,Historical
2023-05-01,MI,DIGITAL,PDL,10656.0,Historical
2023-05-01,MI,PHYSICAL,ILP,0.0,Historical
2023-05-01,MI,PHYSICAL,PDL,43398.0,Historical
2023-05-01,MO,DIGITAL,ILP,334.0,Historical
2023-05-01,MO,DIGITAL,PDL,272.0,Historical
2023-05-01,MO,PHYSICAL,ILP,1475.0,Historical
2023-05-01,MO,PHYSICAL,PDL,1612.0,Historical
2023-05-01,MS,DIGITAL,ILP,434.0,Historical
2023-05-01,MS,DIGITAL,PDL,442.0,Historical
2023-05-01,MS,PHYSICAL,ILP,2421.0,Historical
2023-05-01,MS,PHYSICAL,PDL,4858.0,Historical
2023-05-01,NV,DIGITAL,ILP,155.0,Historical
2023-05-01,NV,DIGITAL,PDL,0.0,Historical
2023-05-01,NV,PHYSICAL,ILP,424.0,Historical
2023-05-01,NV,PHYSICAL,PDL,0.0,Historical
2023-05-01,OH,DIGITAL,ILP,1881.0,Historical
2023-05-01,OH,DIGITAL,PDL,0.0,Historical
2023-05-01,OH,PHYSICAL,ILP,6372.0,Historical
2023-05-01,OH,PHYSICAL,PDL,0.0,Historical
2023-05-01,OK,DIGITAL,ILP,650.0,Historical
2023-05-01,OK,PHYSICAL,ILP,2143.0,Historical
2023-05-01,OK,PHYSICAL,PDL,0.0,Historical
2023-05-01,RI,DIGITAL,PDL,575.0,Historical
2023-05-01,RI,PHYSICAL,PDL,7365.0,Historical
2023-05-01,SC,DIGITAL,PDL,0.0,Historical
2023-05-01,SC,PHYSICAL,PDL,0.0,Historical
2023-05-01,TN,DIGITAL,ILP,0.0,Historical
2023-05-01,TN,DIGITAL,PDL,672.0,Historical
2023-05-01,TN,PHYSICAL,ILP,0.0,Historical
2023-05-01,TN,PHYSICAL,PDL,2604.0,Historical
2023-05-01,TX,DIGITAL,ILP,2694.0,Historical
2023-05-01,TX,DIGITAL,PDL,1395.0,Historical
2023-05-01,TX,PHYSICAL,ILP,6966.0,Historical
2023-05-01,TX,PHYSICAL,PDL,4147.0,Historical
2023-05-01,UT,DIGITAL,ILP,40.0,Historical
2023-05-01,UT,DIGITAL,PDL,0.0,Historical
2023-05-01,UT,PHYSICAL,ILP,64.0,Historical
2023-05-01,UT,PHYSICAL,PDL,0.0,Historical
2023-05-01,WI,DIGITAL,ILP,270.0,Historical
2023-05-01,WI,DIGITAL,PDL,0.0,Historical
2023-05-01,WI,PHYSICAL,ILP,725.0,Historical
2023-05-01,WI,PHYSICAL,PDL,0.0,Historical
2023-05-01,WY,DIGITAL,PDL,558.0,Historical
2023-05-01,WY,PHYSICAL,ILP,0.0,Historical
2023-05-01,WY,PHYSICAL,PDL,2928.0,Historical
2023-06-01,AL,DIGITAL,ILP,681.0,Historical
2023-06-01,AL,DIGITAL,PDL,0.0,Historical
2023-06-01,AL,PHYSICAL,ILP,3828.0,Historical
2023-06-01,AL,PHYSICAL,PDL,0.0,Historical
2023-06-01,CA,DIGITAL,ILP,0.0,Historical
2023-06-01,CA,DIGITAL,PDL,17756.0,Historical
2023-06-01,CA,PHYSICAL,ILP,0.0,Historical
2023-06-01,CA,PHYSICAL,PDL,64133.0,Historical
2023-06-01,CA,UNKNOWN,PDL,2.0,Historical
2023-06-01,CO,DIGITAL,ILP,582.0,Historical
2023-06-01,CO,DIGITAL,PDL,0.0,Historical
2023-06-01,CO,PHYSICAL,ILP,2337.0,Historical
2023-06-01,CO,PHYSICAL,PDL,0.0,Historical
2023-06-01,DE,DIGITAL,ILP,68.0,Historical
2023-06-01,DE,PHYSICAL,ILP,217.0,Historical
2023-06-01,FL,DIGITAL,ILP,4188.0,Historical
2023-06-01,FL,DIGITAL,PDL,4624.0,Historical
2023-06-01,FL,PHYSICAL,ILP,19517.0,Historical
2023-06-01,FL,PHYSICAL,PDL,27675.0,Historical
2023-06-01,IA,DIGITAL,PDL,1560.0,Historical
2023-06-01,IA,PHYSICAL,ILP,0.0,Historical
2023-06-01,IA,PHYSICAL,PDL,10055.0,Historical
2023-06-01,ID,DIGITAL,ILP,56.0,Historical
2023-06-01,ID,PHYSICAL,ILP,92.0,Historical
2023-06-01,ID,PHYSICAL,PDL,0.0,Historical
2023-06-01,IN,DIGITAL,PDL,2566.0,Historical
2023-06-01,IN,PHYSICAL,PDL,17886.0,Historical
2023-06-01,KS,DIGITAL,ILP,0.0,Historical
2023-06-01,KS,DIGITAL,PDL,510.0,Historical
2023-06-01,KS,PHYSICAL,ILP,0.0,Historical
2023-06-01,KS,PHYSICAL,PDL,2446.0,Historical
2023-06-01,KY,DIGITAL,PDL,2.0,Historical
2023-06-01,KY,PHYSICAL,ILP,0.0,Historical
2023-06-01,KY,PHYSICAL,PDL,8794.0,Historical
2023-06-01,LA,DIGITAL,PDL,2725.0,Historical
2023-06-01,LA,PHYSICAL,ILP,0.0,Historical
2023-06-01,LA,PHYSICAL,PDL,13902.0,Historical
2023-06-01,MI,DIGITAL,ILP,0.0,Historical
2023-06-01,MI,DIGITAL,PDL,11549.0,Historical
2023-06-01,MI,PHYSICAL,ILP,0.0,Historical
2023-06-01,MI,PHYSICAL,PDL,48031.0,Historical
2023-06-01,MO,DIGITAL,ILP,359.0,Historical
2023-06-01,MO,DIGITAL,PDL,277.0,Historical
2023-06-01,MO,PHYSICAL,ILP,1379.0,Historical
2023-06-01,MO,PHYSICAL,PDL,1571.0,Historical
2023-06-01,MS,DIGITAL,ILP,363.0,Historical
2023-06-01,MS,DIGITAL,PDL,451.0,Historical
2023-06-01,MS,PHYSICAL,ILP,2479.0,Historical
2023-06-01,MS,PHYSICAL,PDL,5127.0,Historical
2023-06-01,NV,DIGITAL,ILP,119.0,Historical
2023-06-01,NV,DIGITAL,PDL,1.0,Historical
2023-06-01,NV,PHYSICAL,ILP,366.0,Historical
2023-06-01,NV,PHYSICAL,PDL,0.0,Historical
2023-06-01,OH,DIGITAL,ILP,1693.0,Historical
2023-06-01,OH,DIGITAL,PDL,0.0,Historical
2023-06-01,OH,PHYSICAL,ILP,6598.0,Historical
2023-06-01,OH,PHYSICAL,PDL,0.0,Historical
2023-06-01,OK,DIGITAL,ILP,657.0,Historical
2023-06-01,OK,PHYSICAL,ILP,2032.0,Historical
2023-06-01,OK,PHYSICAL,PDL,0.0,Historical
2023-06-01,RI,DIGITAL,PDL,682.0,Historical
2023-06-01,RI,PHYSICAL,PDL,8299.0,Historical
2023-06-01,SC,DIGITAL,PDL,0.0,Historical
2023-06-01,SC,PHYSICAL,PDL,0.0,Historical
2023-06-01,TN,DIGITAL,ILP,0.0,Historical
2023-06-01,TN,DIGITAL,PDL,664.0,Historical
2023-06-01,TN,PHYSICAL,ILP,0.0,Historical
2023-06-01,TN,PHYSICAL,PDL,2458.0,Historical
2023-06-01,TX,DIGITAL,ILP,2660.0,Historical
2023-06-01,TX,DIGITAL,PDL,1553.0,Historical
2023-06-01,TX,PHYSICAL,ILP,7272.0,Historical
2023-06-01,TX,PHYSICAL,PDL,4030.0,Historical
2023-06-01,UT,DIGITAL,ILP,37.0,Historical
2023-06-01,UT,DIGITAL,PDL,0.0,Historical
2023-06-01,UT,PHYSICAL,ILP,64.0,Historical
2023-06-01,UT,PHYSICAL,PDL,0.0,Historical
2023-06-01,WI,DIGITAL,ILP,240.0,Historical
2023-06-01,WI,DIGITAL,PDL,0.0,Historical
2023-06-01,WI,PHYSICAL,ILP,705.0,Historical
2023-06-01,WI,PHYSICAL,PDL,0.0,Historical
2023-06-01,WY,DIGITAL,PDL,544.0,Historical
2023-06-01,WY,PHYSICAL,ILP,0.0,Historical
2023-06-01,WY,PHYSICAL,PDL,3054.0,Historical
2023-07-01,AL,DIGITAL,ILP,691.0,Historical
2023-07-01,AL,DIGITAL,PDL,0.0,Historical
2023-07-01,AL,PHYSICAL,ILP,3834.0,Historical
2023-07-01,AL,PHYSICAL,PDL,0.0,Historical
2023-07-01,CA,DIGITAL,ILP,0.0,Historical
2023-07-01,CA,DIGITAL,PDL,17715.0,Historical
2023-07-01,CA,PHYSICAL,ILP,0.0,Historical
2023-07-01,CA,PHYSICAL,PDL,60535.0,Historical
2023-07-01,CA,UNKNOWN,PDL,0.0,Historical
2023-07-01,CO,DIGITAL,ILP,647.0,Historical
2023-07-01,CO,DIGITAL,PDL,0.0,Historical
2023-07-01,CO,PHYSICAL,ILP,2248.0,Historical
2023-07-01,CO,PHYSICAL,PDL,0.0,Historical
2023-07-01,DE,DIGITAL,ILP,61.0,Historical
2023-07-01,DE,PHYSICAL,ILP,247.0,Historical
2023-07-01,FL,DIGITAL,ILP,4236.0,Historical
2023-07-01,FL,DIGITAL,PDL,4838.0,Historical
2023-07-01,FL,PHYSICAL,ILP,20200.0,Historical
2023-07-01,FL,PHYSICAL,PDL,27471.0,Historical
2023-07-01,IA,DIGITAL,PDL,1625.0,Historical
2023-07-01,IA,PHYSICAL,ILP,0.0,Historical
2023-07-01,IA,PHYSICAL,PDL,10548.0,Historical
2023-07-01,ID,DIGITAL,ILP,49.0,Historical
2023-07-01,ID,PHYSICAL,ILP,96.0,Historical
2023-07-01,ID,PHYSICAL,PDL,0.0,Historical
2023-07-01,IN,DIGITAL,PDL,2453.0,Historical
2023-07-01,IN,PHYSICAL,PDL,16323.0,Historical
2023-07-01,KS,DIGITAL,ILP,0.0,Historical
2023-07-01,KS,DIGITAL,PDL,485.0,Historical
2023-07-01,KS,PHYSICAL,ILP,0.0,Historical
2023-07-01,KS,PHYSICAL,PDL,2083.0,Historical
2023-07-01,KY,DIGITAL,PDL,22.0,Historical
2023-07-01,KY,PHYSICAL,ILP,0.0,Historical
2023-07-01,KY,PHYSICAL,PDL,8362.0,Historical
2023-07-01,LA,DIGITAL,PDL,2573.0,Historical
2023-07-01,LA,PHYSICAL,ILP,0.0,Historical
2023-07-01,LA,PHYSICAL,PDL,12029.0,Historical
2023-07-01,MI,DIGITAL,ILP,0.0,Historical
2023-07-01,MI,DIGITAL,PDL,11411.0,Historical
2023-07-01,MI,PHYSICAL,ILP,0.0,Historical
2023-07-01,MI,PHYSICAL,PDL,44647.0,Historical
2023-07-01,MO,DIGITAL,ILP,285.0,Historical
2023-07-01,MO,DIGITAL,PDL,282.0,Historical
2023-07-01,MO,PHYSICAL,ILP,1285.0,Historical
2023-07-01,MO,PHYSICAL,PDL,1295.0,Historical
2023-07-01,MS,DIGITAL,ILP,345.0,Historical
2023-07-01,MS,DIGITAL,PDL,462.0,Historical
2023-07-01,MS,PHYSICAL,ILP,2347.0,Historical
2023-07-01,MS,PHYSICAL,PDL,4175.0,Historical
2023-07-01,NV,DIGITAL,ILP,109.0,Historical
2023-07-01,NV,DIGITAL,PDL,0.0,Historical
2023-07-01,NV,PHYSICAL,ILP,415.0,Historical
2023-07-01,NV,PHYSICAL,PDL,0.0,Historical
2023-07-01,OH,DIGITAL,ILP,1566.0,Historical
2023-07-01,OH,DIGITAL,PDL,0.0,Historical
2023-07-01,OH,PHYSICAL,ILP,5874.0,Historical
2023-07-01,OH,PHYSICAL,PDL,0.0,Historical
2023-07-01,OK,DIGITAL,ILP,701.0,Historical
2023-07-01,OK,PHYSICAL,ILP,2210.0,Historical
2023-07-01,OK,PHYSICAL,PDL,0.0,Historical
2023-07-01,RI,DIGITAL,PDL,636.0,Historical
2023-07-01,RI,PHYSICAL,PDL,7294.0,Historical
2023-07-01,SC,DIGITAL,PDL,0.0,Historical
2023-07-01,SC,PHYSICAL,PDL,0.0,Historical
2023-07-01,TN,DIGITAL,ILP,0.0,Historical
2023-07-01,TN,DIGITAL,PDL,645.0,Historical
2023-07-01,TN,PHYSICAL,ILP,0.0,Historical
2023-07-01,TN,PHYSICAL,PDL,2001.0,Historical
2023-07-01,TX,DIGITAL,ILP,2596.0,Historical
2023-07-01,TX,DIGITAL,PDL,1400.0,Historical
2023-07-01,TX,PHYSICAL,ILP,7071.0,Historical
2023-07-01,TX,PHYSICAL,PDL,2945.0,Historical
2023-07-01,UT,DIGITAL,ILP,40.0,Historical
2023-07-01,UT,DIGITAL,PDL,0.0,Historical
2023-07-01,UT,PHYSICAL,ILP,68.0,Historical
2023-07-01,UT,PHYSICAL,PDL,0.0,Historical
2023-07-01,WI,DIGITAL,ILP,218.0,Historical
2023-07-01,WI,DIGITAL,PDL,0.0,Historical
2023-07-01,WI,PHYSICAL,ILP,645.0,Historical
2023-07-01,WI,PHYSICAL,PDL,0.0,Historical
2023-07-01,WY,DIGITAL,PDL,576.0,Historical
2023-07-01,WY,PHYSICAL,ILP,0.0,Historical
2023-07-01,WY,PHYSICAL,PDL,2856.0,Historical
2023-08-01,AL,DIGITAL,ILP,594.0,Historical
2023-08-01,AL,DIGITAL,PDL,0.0,Historical
2023-08-01,AL,PHYSICAL,ILP,3803.0,Historical
2023-08-01,AL,PHYSICAL,PDL,0.0,Historical
2023-08-01,CA,DIGITAL,ILP,0.0,Historical
2023-08-01,CA,DIGITAL,PDL,18690.0,Historical
2023-08-01,CA,PHYSICAL,ILP,0.0,Historical
2023-08-01,CA,PHYSICAL,PDL,65377.0,Historical
2023-08-01,CO,DIGITAL,ILP,677.0,Historical
2023-08-01,CO,DIGITAL,PDL,0.0,Historical
2023-08-01,CO,PHYSICAL,ILP,1643.0,Historical
2023-08-01,CO,PHYSICAL,PDL,0.0,Historical
2023-08-01,DE,DIGITAL,ILP,67.0,Historical
2023-08-01,DE,PHYSICAL,ILP,255.0,Historical
2023-08-01,FL,DIGITAL,ILP,4330.0,Historical
2023-08-01,FL,DIGITAL,PDL,4915.0,Historical
2023-08-01,FL,PHYSICAL,ILP,20025.0,Historical
2023-08-01,FL,PHYSICAL,PDL,27094.0,Historical
2023-08-01,IA,DIGITAL,PDL,1739.0,Historical
2023-08-01,IA,PHYSICAL,ILP,0.0,Historical
2023-08-01,IA,PHYSICAL,PDL,10563.0,Historical
2023-08-01,ID,DIGITAL,ILP,45.0,Historical
2023-08-01,ID,PHYSICAL,ILP,97.0,Historical
2023-08-01,ID,PHYSICAL,PDL,0.0,Historical
2023-08-01,IN,DIGITAL,PDL,2616.0,Historical
2023-08-01,IN,PHYSICAL,PDL,17303.0,Historical
2023-08-01,KS,DIGITAL,ILP,0.0,Historical
2023-08-01,KS,DIGITAL,PDL,495.0,Historical
2023-08-01,KS,PHYSICAL,ILP,0.0,Historical
2023-08-01,KS,PHYSICAL,PDL,2221.0,Historical
2023-08-01,KY,DIGITAL,PDL,100.0,Historical
2023-08-01,KY,PHYSICAL,ILP,0.0,Historical
2023-08-01,KY,PHYSICAL,PDL,8965.0,Historical
2023-08-01,LA,DIGITAL,PDL,2771.0,Historical
2023-08-01,LA,PHYSICAL,ILP,0.0,Historical
2023-08-01,LA,PHYSICAL,PDL,13610.0,Historical
2023-08-01,MI,DIGITAL,ILP,0.0,Historical
2023-08-01,MI,DIGITAL,PDL,12239.0,Historical
2023-08-01,MI,PHYSICAL,ILP,0.0,Historical
2023-08-01,MI,PHYSICAL,PDL,46475.0,Historical
2023-08-01,MO,DIGITAL,ILP,318.0,Historical
2023-08-01,MO,DIGITAL,PDL,279.0,Historical
2023-08-01,MO,PHYSICAL,ILP,1347.0,Historical
2023-08-01,MO,PHYSICAL,PDL,1320.0,Historical
2023-08-01,MS,DIGITAL,ILP,374.0,Historical
2023-08-01,MS,DIGITAL,PDL,497.0,Historical
2023-08-01,MS,PHYSICAL,ILP,2801.0,Historical
2023-08-01,MS,PHYSICAL,PDL,4184.0,Historical
2023-08-01,MS,UNKNOWN,PDL,1.0,Historical
2023-08-01,NV,DIGITAL,ILP,133.0,Historical
2023-08-01,NV,DIGITAL,PDL,0.0,Historical
2023-08-01,NV,PHYSICAL,ILP,455.0,Historical
2023-08-01,NV,PHYSICAL,PDL,0.0,Historical
2023-08-01,OH,DIGITAL,ILP,1657.0,Historical
2023-08-01,OH,DIGITAL,PDL,0.0,Historical
2023-08-01,OH,PHYSICAL,ILP,6241.0,Historical
2023-08-01,OH,PHYSICAL,PDL,0.0,Historical
2023-08-01,OK,DIGITAL,ILP,767.0,Historical
2023-08-01,OK,PHYSICAL,ILP,2270.0,Historical
2023-08-01,OK,PHYSICAL,PDL,0.0,Historical
2023-08-01,RI,DIGITAL,PDL,713.0,Historical
2023-08-01,RI,PHYSICAL,PDL,8255.0,Historical
2023-08-01,SC,DIGITAL,PDL,0.0,Historical
2023-08-01,SC,PHYSICAL,PDL,0.0,Historical
2023-08-01,TN,DIGITAL,ILP,0.0,Historical
2023-08-01,TN,DIGITAL,PDL,656.0,Historical
2023-08-01,TN,PHYSICAL,ILP,0.0,Historical
2023-08-01,TN,PHYSICAL,PDL,2151.0,Historical
2023-08-01,TX,DIGITAL,ILP,2805.0,Historical
2023-08-01,TX,DIGITAL,PDL,1677.0,Historical
2023-08-01,TX,PHYSICAL,ILP,7762.0,Historical
2023-08-01,TX,PHYSICAL,PDL,3739.0,Historical
2023-08-01,UT,DIGITAL,ILP,38.0,Historical
2023-08-01,UT,DIGITAL,PDL,0.0,Historical
2023-08-01,UT,PHYSICAL,ILP,71.0,Historical
2023-08-01,UT,PHYSICAL,PDL,0.0,Historical
2023-08-01,WI,DIGITAL,ILP,244.0,Historical
2023-08-01,WI,DIGITAL,PDL,0.0,Historical
2023-08-01,WI,PHYSICAL,ILP,716.0,Historical
2023-08-01,WI,PHYSICAL,PDL,0.0,Historical
2023-08-01,WY,DIGITAL,PDL,583.0,Historical
2023-08-01,WY,PHYSICAL,ILP,0.0,Historical
2023-08-01,WY,PHYSICAL,PDL,3202.0,Historical
2023-09-01,AL,DIGITAL,ILP,716.0,Historical
2023-09-01,AL,DIGITAL,PDL,0.0,Historical
2023-09-01,AL,PHYSICAL,ILP,3912.0,Historical
2023-09-01,AL,PHYSICAL,PDL,0.0,Historical
2023-09-01,CA,DIGITAL,ILP,0.0,Historical
2023-09-01,CA,DIGITAL,PDL,19388.0,Historical
2023-09-01,CA,PHYSICAL,ILP,0.0,Historical
2023-09-01,CA,PHYSICAL,PDL,67992.0,Historical
2023-09-01,CO,DIGITAL,ILP,582.0,Historical
2023-09-01,CO,DIGITAL,PDL,0.0,Historical
2023-09-01,CO,PHYSICAL,ILP,1601.0,Historical
2023-09-01,CO,PHYSICAL,PDL,0.0,Historical
2023-09-01,DE,DIGITAL,ILP,50.0,Historical
2023-09-01,DE,PHYSICAL,ILP,247.0,Historical
2023-09-01,FL,DIGITAL,ILP,4375.0,Historical
2023-09-01,FL,DIGITAL,PDL,5034.0,Historical
2023-09-01,FL,PHYSICAL,ILP,20788.0,Historical
2023-09-01,FL,PHYSICAL,PDL,27932.0,Historical
2023-09-01,IA,DIGITAL,PDL,1865.0,Historical
2023-09-01,IA,PHYSICAL,ILP,0.0,Historical
2023-09-01,IA,PHYSICAL,PDL,11193.0,Historical
2023-09-01,ID,DIGITAL,ILP,41.0,Historical
2023-09-01,ID,PHYSICAL,ILP,92.0,Historical
2023-09-01,ID,PHYSICAL,PDL,0.0,Historical
2023-09-01,IN,DIGITAL,PDL,2621.0,Historical
2023-09-01,IN,PHYSICAL,PDL,17597.0,Historical
2023-09-01,KS,DIGITAL,ILP,0.0,Historical
2023-09-01,KS,DIGITAL,PDL,465.0,Historical
2023-09-01,KS,PHYSICAL,ILP,0.0,Historical
2023-09-01,KS,PHYSICAL,PDL,2036.0,Historical
2023-09-01,KY,DIGITAL,PDL,196.0,Historical
2023-09-01,KY,PHYSICAL,ILP,0.0,Historical
2023-09-01,KY,PHYSICAL,PDL,9168.0,Historical
2023-09-01,KY,UNKNOWN,PDL,1.0,Historical
2023-09-01,LA,DIGITAL,PDL,2811.0,Historical
2023-09-01,LA,PHYSICAL,ILP,0.0,Historical
2023-09-01,LA,PHYSICAL,PDL,13891.0,Historical
2023-09-01,MI,DIGITAL,ILP,0.0,Historical
2023-09-01,MI,DIGITAL,PDL,12507.0,Historical
2023-09-01,MI,PHYSICAL,ILP,0.0,Historical
2023-09-01,MI,PHYSICAL,PDL,48402.0,Historical
2023-09-01,MI,UNKNOWN,PDL,1.0,Historical
2023-09-01,MO,DIGITAL,ILP,350.0,Historical
2023-09-01,MO,DIGITAL,PDL,251.0,Historical
2023-09-01,MO,PHYSICAL,ILP,1642.0,Historical
2023-09-01,MO,PHYSICAL,PDL,990.0,Historical
2023-09-01,MS,DIGITAL,ILP,425.0,Historical
2023-09-01,MS,DIGITAL,PDL,456.0,Historical
2023-09-01,MS,PHYSICAL,ILP,3060.0,Historical
2023-09-01,MS,PHYSICAL,PDL,3452.0,Historical
2023-09-01,NV,DIGITAL,ILP,136.0,Historical
2023-09-01,NV,DIGITAL,PDL,0.0,Historical
2023-09-01,NV,PHYSICAL,ILP,368.0,Historical
2023-09-01,NV,PHYSICAL,PDL,0.0,Historical
2023-09-01,OH,DIGITAL,ILP,1452.0,Historical
2023-09-01,OH,DIGITAL,PDL,0.0,Historical
2023-09-01,OH,PHYSICAL,ILP,5493.0,Historical
2023-09-01,OH,PHYSICAL,PDL,0.0,Historical
2023-09-01,OK,DIGITAL,ILP,741.0,Historical
2023-09-01,OK,PHYSICAL,ILP,2104.0,Historical
2023-09-01,OK,PHYSICAL,PDL,0.0,Historical
2023-09-01,RI,DIGITAL,PDL,730.0,Historical
2023-09-01,RI,PHYSICAL,PDL,8490.0,Historical
2023-09-01,SC,DIGITAL,PDL,0.0,Historical
2023-09-01,SC,PHYSICAL,PDL,0.0,Historical
2023-09-01,TN,DIGITAL,ILP,0.0,Historical
2023-09-01,TN,DIGITAL,PDL,669.0,Historical
2023-09-01,TN,PHYSICAL,ILP,0.0,Historical
2023-09-01,TN,PHYSICAL,PDL,1950.0,Historical
2023-09-01,TX,DIGITAL,ILP,2871.0,Historical
2023-09-01,TX,DIGITAL,PDL,1704.0,Historical
2023-09-01,TX,PHYSICAL,ILP,7867.0,Historical
2023-09-01,TX,PHYSICAL,PDL,3202.0,Historical
2023-09-01,TX,UNKNOWN,ILP,1.0,Historical
2023-09-01,UT,DIGITAL,ILP,44.0,Historical
2023-09-01,UT,DIGITAL,PDL,0.0,Historical
2023-09-01,UT,PHYSICAL,ILP,67.0,Historical
2023-09-01,UT,PHYSICAL,PDL,0.0,Historical
2023-09-01,WI,DIGITAL,ILP,250.0,Historical
2023-09-01,WI,DIGITAL,PDL,0.0,Historical
2023-09-01,WI,PHYSICAL,ILP,663.0,Historical
2023-09-01,WI,PHYSICAL,PDL,0.0,Historical
2023-09-01,WY,DIGITAL,PDL,572.0,Historical
2023-09-01,WY,PHYSICAL,ILP,0.0,Historical
2023-09-01,WY,PHYSICAL,PDL,3171.0,Historical
2023-10-01,AL,DIGITAL,ILP,757.0,Historical
2023-10-01,AL,DIGITAL,PDL,0.0,Historical
2023-10-01,AL,PHYSICAL,ILP,4222.0,Historical
2023-10-01,AL,PHYSICAL,PDL,0.0,Historical
2023-10-01,CA,DIGITAL,ILP,0.0,Historical
2023-10-01,CA,DIGITAL,PDL,18702.0,Historical
2023-10-01,CA,PHYSICAL,ILP,0.0,Historical
2023-10-01,CA,PHYSICAL,PDL,61523.0,Historical
2023-10-01,CO,DIGITAL,ILP,465.0,Historical
2023-10-01,CO,DIGITAL,PDL,0.0,Historical
2023-10-01,CO,PHYSICAL,ILP,1335.0,Historical
2023-10-01,CO,PHYSICAL,PDL,0.0,Historical
2023-10-01,DE,DIGITAL,ILP,65.0,Historical
2023-10-01,DE,PHYSICAL,ILP,227.0,Historical
2023-10-01,FL,DIGITAL,ILP,4317.0,Historical
2023-10-01,FL,DIGITAL,PDL,4929.0,Historical
2023-10-01,FL,PHYSICAL,ILP,19487.0,Historical
2023-10-01,FL,PHYSICAL,PDL,25162.0,Historical
2023-10-01,IA,DIGITAL,PDL,1773.0,Historical
2023-10-01,IA,PHYSICAL,ILP,0.0,Historical
2023-10-01,IA,PHYSICAL,PDL,10331.0,Historical
2023-10-01,ID,DIGITAL,ILP,54.0,Historical
2023-10-01,ID,PHYSICAL,ILP,97.0,Historical
2023-10-01,ID,PHYSICAL,PDL,0.0,Historical
2023-10-01,IN,DIGITAL,PDL,2596.0,Historical
2023-10-01,IN,PHYSICAL,PDL,15616.0,Historical
2023-10-01,KS,DIGITAL,ILP,0.0,Historical
2023-10-01,KS,DIGITAL,PDL,458.0,Historical
2023-10-01,KS,PHYSICAL,ILP,0.0,Historical
2023-10-01,KS,PHYSICAL,PDL,1304.0,Historical
2023-10-01,KY,DIGITAL,PDL,242.0,Historical
2023-10-01,KY,PHYSICAL,ILP,0.0,Historical
2023-10-01,KY,PHYSICAL,PDL,8167.0,Historical
2023-10-01,LA,DIGITAL,PDL,2637.0,Historical
2023-10-01,LA,PHYSICAL,ILP,0.0,Historical
2023-10-01,LA,PHYSICAL,PDL,12092.0,Historical
2023-10-01,MI,DIGITAL,ILP,0.0,Historical
2023-10-01,MI,DIGITAL,PDL,11995.0,Historical
2023-10-01,MI,PHYSICAL,ILP,0.0,Historical
2023-10-01,MI,PHYSICAL,PDL,45199.0,Historical
2023-10-01,MI,UNKNOWN,PDL,0.0,Historical
2023-10-01,MO,DIGITAL,ILP,416.0,Historical
2023-10-01,MO,DIGITAL,PDL,24.0,Historical
2023-10-01,MO,PHYSICAL,ILP,1735.0,Historical
2023-10-01,MO,PHYSICAL,PDL,157.0,Historical
2023-10-01,MS,DIGITAL,ILP,391.0,Historical
2023-10-01,MS,DIGITAL,PDL,525.0,Historical
2023-10-01,MS,PHYSICAL,ILP,3100.0,Historical
2023-10-01,MS,PHYSICAL,PDL,2460.0,Historical
2023-10-01,MS,UNKNOWN,PDL,1.0,Historical
2023-10-01,NV,DIGITAL,ILP,102.0,Historical
2023-10-01,NV,DIGITAL,PDL,0.0,Historical
2023-10-01,NV,PHYSICAL,ILP,364.0,Historical
2023-10-01,NV,PHYSICAL,PDL,0.0,Historical
2023-10-01,OH,DIGITAL,ILP,1494.0,Historical
2023-10-01,OH,DIGITAL,PDL,0.0,Historical
2023-10-01,OH,PHYSICAL,ILP,5232.0,Historical
2023-10-01,OH,PHYSICAL,PDL,0.0,Historical
2023-10-01,OK,DIGITAL,ILP,753.0,Historical
2023-10-01,OK,PHYSICAL,ILP,2029.0,Historical
2023-10-01,OK,PHYSICAL,PDL,0.0,Historical
2023-10-01,RI,DIGITAL,PDL,714.0,Historical
2023-10-01,RI,PHYSICAL,PDL,7289.0,Historical
2023-10-01,SC,DIGITAL,PDL,0.0,Historical
2023-10-01,SC,PHYSICAL,PDL,0.0,Historical
2023-10-01,TN,DIGITAL,ILP,0.0,Historical
2023-10-01,TN,DIGITAL,PDL,647.0,Historical
2023-10-01,TN,PHYSICAL,ILP,0.0,Historical
2023-10-01,TN,PHYSICAL,PDL,1478.0,Historical
2023-10-01,TX,DIGITAL,ILP,2881.0,Historical
2023-10-01,TX,DIGITAL,PDL,1523.0,Historical
2023-10-01,TX,PHYSICAL,ILP,8089.0,Historical
2023-10-01,TX,PHYSICAL,PDL,2339.0,Historical
2023-10-01,TX,UNKNOWN,ILP,1.0,Historical
2023-10-01,UT,DIGITAL,ILP,45.0,Historical
2023-10-01,UT,DIGITAL,PDL,0.0,Historical
2023-10-01,UT,PHYSICAL,ILP,61.0,Historical
2023-10-01,UT,PHYSICAL,PDL,0.0,Historical
2023-10-01,WI,DIGITAL,ILP,222.0,Historical
2023-10-01,WI,DIGITAL,PDL,0.0,Historical
2023-10-01,WI,PHYSICAL,ILP,657.0,Historical
2023-10-01,WI,PHYSICAL,PDL,0.0,Historical
2023-10-01,WY,DIGITAL,PDL,563.0,Historical
2023-10-01,WY,PHYSICAL,ILP,0.0,Historical
2023-10-01,WY,PHYSICAL,PDL,2869.0,Historical
2023-11-01,AL,DIGITAL,ILP,785.0,Historical
2023-11-01,AL,DIGITAL,PDL,0.0,Historical
2023-11-01,AL,PHYSICAL,ILP,4020.0,Historical
2023-11-01,AL,PHYSICAL,PDL,0.0,Historical
2023-11-01,CA,DIGITAL,ILP,0.0,Historical
2023-11-01,CA,DIGITAL,PDL,18454.0,Historical
2023-11-01,CA,PHYSICAL,ILP,0.0,Historical
2023-11-01,CA,PHYSICAL,PDL,63053.0,Historical
2023-11-01,CO,DIGITAL,ILP,448.0,Historical
2023-11-01,CO,DIGITAL,PDL,0.0,Historical
2023-11-01,CO,PHYSICAL,ILP,1138.0,Historical
2023-11-01,CO,PHYSICAL,PDL,0.0,Historical
2023-11-01,DE,DIGITAL,ILP,61.0,Historical
2023-11-01,DE,PHYSICAL,ILP,242.0,Historical
2023-11-01,FL,DIGITAL,ILP,4379.0,Historical
2023-11-01,FL,DIGITAL,PDL,4769.0,Historical
2023-11-01,FL,PHYSICAL,ILP,19533.0,Historical
2023-11-01,FL,PHYSICAL,PDL,25381.0,Historical
2023-11-01,IA,DIGITAL,PDL,1789.0,Historical
2023-11-01,IA,PHYSICAL,ILP,0.0,Historical
2023-11-01,IA,PHYSICAL,PDL,10004.0,Historical
2023-11-01,ID,DIGITAL,ILP,39.0,Historical
2023-11-01,ID,PHYSICAL,ILP,90.0,Historical
2023-11-01,ID,PHYSICAL,PDL,0.0,Historical
2023-11-01,IN,DIGITAL,PDL,2578.0,Historical
2023-11-01,IN,PHYSICAL,PDL,15480.0,Historical
2023-11-01,KS,DIGITAL,ILP,0.0,Historical
2023-11-01,KS,DIGITAL,PDL,478.0,Historical
2023-11-01,KS,PHYSICAL,ILP,0.0,Historical
2023-11-01,KS,PHYSICAL,PDL,1251.0,Historical
2023-11-01,KY,DIGITAL,PDL,305.0,Historical
2023-11-01,KY,PHYSICAL,ILP,0.0,Historical
2023-11-01,KY,PHYSICAL,PDL,8273.0,Historical
2023-11-01,LA,DIGITAL,PDL,2691.0,Historical
2023-11-01,LA,PHYSICAL,ILP,0.0,Historical
2023-11-01,LA,PHYSICAL,PDL,13155.0,Historical
2023-11-01,MI,DIGITAL,ILP,0.0,Historical
2023-11-01,MI,DIGITAL,PDL,12141.0,Historical
2023-11-01,MI,PHYSICAL,ILP,0.0,Historical
2023-11-01,MI,PHYSICAL,PDL,44927.0,Historical
2023-11-01,MI,UNKNOWN,PDL,0.0,Historical
2023-11-01,MO,DIGITAL,ILP,371.0,Historical
2023-11-01,MO,DIGITAL,PDL,7.0,Historical
2023-11-01,MO,PHYSICAL,ILP,1557.0,Historical
2023-11-01,MO,PHYSICAL,PDL,73.0,Historical
2023-11-01,MS,DIGITAL,ILP,418.0,Historical
2023-11-01,MS,DIGITAL,PDL,521.0,Historical
2023-11-01,MS,PHYSICAL,ILP,3124.0,Historical
2023-11-01,MS,PHYSICAL,PDL,2441.0,Historical
2023-11-01,MS,UNKNOWN,PDL,-1.0,Historical
2023-11-01,NV,DIGITAL,ILP,129.0,Historical
2023-11-01,NV,DIGITAL,PDL,0.0,Historical
2023-11-01,NV,PHYSICAL,ILP,386.0,Historical
2023-11-01,NV,PHYSICAL,PDL,0.0,Historical
2023-11-01,OH,DIGITAL,ILP,1672.0,Historical
2023-11-01,OH,DIGITAL,PDL,0.0,Historical
2023-11-01,OH,PHYSICAL,ILP,5669.0,Historical
2023-11-01,OH,PHYSICAL,PDL,0.0,Historical
2023-11-01,OK,DIGITAL,ILP,767.0,Historical
2023-11-01,OK,PHYSICAL,ILP,2100.0,Historical
2023-11-01,OK,PHYSICAL,PDL,0.0,Historical
2023-11-01,RI,DIGITAL,PDL,721.0,Historical
2023-11-01,RI,PHYSICAL,PDL,7972.0,Historical
2023-11-01,SC,DIGITAL,PDL,0.0,Historical
2023-11-01,SC,PHYSICAL,PDL,0.0,Historical
2023-11-01,TN,DIGITAL,ILP,0.0,Historical
2023-11-01,TN,DIGITAL,PDL,673.0,Historical
2023-11-01,TN,PHYSICAL,ILP,0.0,Historical
2023-11-01,TN,PHYSICAL,PDL,1523.0,Historical
2023-11-01,TX,DIGITAL,ILP,3028.0,Historical
2023-11-01,TX,DIGITAL,PDL,1513.0,Historical
2023-11-01,TX,PHYSICAL,ILP,8295.0,Historical
2023-11-01,TX,PHYSICAL,PDL,2211.0,Historical
2023-11-01,UT,DIGITAL,ILP,47.0,Historical
2023-11-01,UT,DIGITAL,PDL,0.0,Historical
2023-11-01,UT,PHYSICAL,ILP,65.0,Historical
2023-11-01,UT,PHYSICAL,PDL,0.0,Historical
2023-11-01,WI,DIGITAL,ILP,238.0,Historical
2023-11-01,WI,DIGITAL,PDL,0.0,Historical
2023-11-01,WI,PHYSICAL,ILP,704.0,Historical
2023-11-01,WI,PHYSICAL,PDL,0.0,Historical
2023-11-01,WY,DIGITAL,PDL,573.0,Historical
2023-11-01,WY,PHYSICAL,ILP,0.0,Historical
2023-11-01,WY,PHYSICAL,PDL,2839.0,Historical
2023-12-01,AL,DIGITAL,ILP,760.0,Historical
2023-12-01,AL,DIGITAL,PDL,0.0,Historical
2023-12-01,AL,PHYSICAL,ILP,4174.0,Historical
2023-12-01,AL,PHYSICAL,PDL,0.0,Historical
2023-12-01,CA,DIGITAL,ILP,0.0,Historical
2023-12-01,CA,DIGITAL,PDL,20000.0,Historical
2023-12-01,CA,PHYSICAL,ILP,0.0,Historical
2023-12-01,CA,PHYSICAL,PDL,68762.0,Historical
2023-12-01,CO,DIGITAL,ILP,406.0,Historical
2023-12-01,CO,DIGITAL,PDL,0.0,Historical
2023-12-01,CO,PHYSICAL,ILP,1222.0,Historical
2023-12-01,CO,PHYSICAL,PDL,0.0,Historical
2023-12-01,DE,DIGITAL,ILP,67.0,Historical
2023-12-01,DE,PHYSICAL,ILP,294.0,Historical
2023-12-01,FL,DIGITAL,ILP,5052.0,Historical
2023-12-01,FL,DIGITAL,PDL,5254.0,Historical
2023-12-01,FL,PHYSICAL,ILP,23584.0,Historical
2023-12-01,FL,PHYSICAL,PDL,26772.0,Historical
2023-12-01,IA,DIGITAL,PDL,1962.0,Historical
2023-12-01,IA,PHYSICAL,ILP,0.0,Historical
2023-12-01,IA,PHYSICAL,PDL,11091.0,Historical
2023-12-01,ID,DIGITAL,ILP,48.0,Historical
2023-12-01,ID,PHYSICAL,ILP,99.0,Historical
2023-12-01,ID,PHYSICAL,PDL,0.0,Historical
2023-12-01,IN,DIGITAL,PDL,2780.0,Historical
2023-12-01,IN,PHYSICAL,PDL,16894.0,Historical
2023-12-01,KS,DIGITAL,ILP,0.0,Historical
2023-12-01,KS,DIGITAL,PDL,487.0,Historical
2023-12-01,KS,PHYSICAL,ILP,0.0,Historical
2023-12-01,KS,PHYSICAL,PDL,1353.0,Historical
2023-12-01,KY,DIGITAL,PDL,363.0,Historical
2023-12-01,KY,PHYSICAL,ILP,0.0,Historical
2023-12-01,KY,PHYSICAL,PDL,8936.0,Historical
2023-12-01,LA,DIGITAL,PDL,2997.0,Historical
2023-12-01,LA,PHYSICAL,ILP,0.0,Historical
2023-12-01,LA,PHYSICAL,PDL,13965.0,Historical
2023-12-01,MI,DIGITAL,ILP,0.0,Historical
2023-12-01,MI,DIGITAL,PDL,13087.0,Historical
2023-12-01,MI,PHYSICAL,ILP,0.0,Historical
2023-12-01,MI,PHYSICAL,PDL,48210.0,Historical
2023-12-01,MI,UNKNOWN,PDL,0.0,Historical
2023-12-01,MO,DIGITAL,ILP,377.0,Historical
2023-12-01,MO,DIGITAL,PDL,5.0,Historical
2023-12-01,MO,PHYSICAL,ILP,1770.0,Historical
2023-12-01,MO,PHYSICAL,PDL,4.0,Historical
2023-12-01,MS,DIGITAL,ILP,412.0,Historical
2023-12-01,MS,DIGITAL,PDL,555.0,Historical
2023-12-01,MS,PHYSICAL,ILP,3505.0,Historical
2023-12-01,MS,PHYSICAL,PDL,2590.0,Historical
2023-12-01,MS,UNKNOWN,PDL,0.0,Historical
2023-12-01,NV,DIGITAL,ILP,158.0,Historical
2023-12-01,NV,DIGITAL,PDL,0.0,Historical
2023-12-01,NV,PHYSICAL,ILP,407.0,Historical
2023-12-01,NV,PHYSICAL,PDL,0.0,Historical
2023-12-01,OH,DIGITAL,ILP,1676.0,Historical
2023-12-01,OH,DIGITAL,PDL,0.0,Historical
2023-12-01,OH,PHYSICAL,ILP,6589.0,Historical
2023-12-01,OH,PHYSICAL,PDL,0.0,Historical
2023-12-01,OK,DIGITAL,ILP,855.0,Historical
2023-12-01,OK,PHYSICAL,ILP,2476.0,Historical
2023-12-01,OK,PHYSICAL,PDL,0.0,Historical
2023-12-01,RI,DIGITAL,PDL,786.0,Historical
2023-12-01,RI,PHYSICAL,PDL,8386.0,Historical
2023-12-01,SC,DIGITAL,PDL,0.0,Historical
2023-12-01,SC,PHYSICAL,PDL,0.0,Historical
2023-12-01,TN,DIGITAL,ILP,0.0,Historical
2023-12-01,TN,DIGITAL,PDL,689.0,Historical
2023-12-01,TN,PHYSICAL,ILP,0.0,Historical
2023-12-01,TN,PHYSICAL,PDL,1519.0,Historical
2023-12-01,TX,DIGITAL,ILP,3249.0,Historical
2023-12-01,TX,DIGITAL,PDL,1754.0,Historical
2023-12-01,TX,PHYSICAL,ILP,9622.0,Historical
2023-12-01,TX,PHYSICAL,PDL,2181.0,Historical
2023-12-01,UT,DIGITAL,ILP,48.0,Historical
2023-12-01,UT,DIGITAL,PDL,0.0,Historical
2023-12-01,UT,PHYSICAL,ILP,77.0,Historical
2023-12-01,UT,PHYSICAL,PDL,0.0,Historical
2023-12-01,WI,DIGITAL,ILP,257.0,Historical
2023-12-01,WI,DIGITAL,PDL,0.0,Historical
2023-12-01,WI,PHYSICAL,ILP,673.0,Historical
2023-12-01,WI,PHYSICAL,PDL,0.0,Historical
2023-12-01,WY,DIGITAL,PDL,569.0,Historical
2023-12-01,WY,PHYSICAL,ILP,0.0,Historical
2023-12-01,WY,PHYSICAL,PDL,2990.0,Historical
2024-01-01,AL,DIGITAL,ILP,728.0,Historical
2024-01-01,AL,DIGITAL,PDL,0.0,Historical
2024-01-01,AL,PHYSICAL,ILP,3585.0,Historical
2024-01-01,AL,PHYSICAL,PDL,0.0,Historical
2024-01-01,CA,DIGITAL,ILP,0.0,Historical
2024-01-01,CA,DIGITAL,PDL,18334.0,Historical
2024-01-01,CA,PHYSICAL,ILP,0.0,Historical
2024-01-01,CA,PHYSICAL,PDL,60891.0,Historical
2024-01-01,CO,DIGITAL,ILP,0.0,Historical
2024-01-01,CO,DIGITAL,PDL,0.0,Historical
2024-01-01,CO,PHYSICAL,ILP,0.0,Historical
2024-01-01,CO,PHYSICAL,PDL,0.0,Historical
2024-01-01,DE,DIGITAL,ILP,63.0,Historical
2024-01-01,DE,PHYSICAL,ILP,217.0,Historical
2024-01-01,FL,DIGITAL,ILP,4162.0,Historical
2024-01-01,FL,DIGITAL,PDL,4618.0,Historical
2024-01-01,FL,PHYSICAL,ILP,18743.0,Historical
2024-01-01,FL,PHYSICAL,PDL,22515.0,Historical
2024-01-01,IA,DIGITAL,PDL,1773.0,Historical
2024-01-01,IA,PHYSICAL,ILP,0.0,Historical
2024-01-01,IA,PHYSICAL,PDL,9590.0,Historical
2024-01-01,ID,DIGITAL,ILP,61.0,Historical
2024-01-01,ID,PHYSICAL,ILP,58.0,Historical
2024-01-01,ID,PHYSICAL,PDL,0.0,Historical
2024-01-01,IN,DIGITAL,PDL,2729.0,Historical
2024-01-01,IN,PHYSICAL,PDL,15008.0,Historical
2024-01-01,KS,DIGITAL,ILP,0.0,Historical
2024-01-01,KS,DIGITAL,PDL,443.0,Historical
2024-01-01,KS,PHYSICAL,ILP,0.0,Historical
2024-01-01,KS,PHYSICAL,PDL,1076.0,Historical
2024-01-01,KY,DIGITAL,PDL,404.0,Historical
2024-01-01,KY,PHYSICAL,ILP,0.0,Historical
2024-01-01,KY,PHYSICAL,PDL,8044.0,Historical
2024-01-01,LA,DIGITAL,PDL,2607.0,Historical
2024-01-01,LA,PHYSICAL,ILP,0.0,Historical
2024-01-01,LA,PHYSICAL,PDL,12133.0,Historical
2024-01-01,MI,DIGITAL,ILP,0.0,Historical
2024-01-01,MI,DIGITAL,PDL,12237.0,Historical
2024-01-01,MI,PHYSICAL,ILP,0.0,Historical
2024-01-01,MI,PHYSICAL,PDL,44274.0,Historical
2024-01-01,MI,UNKNOWN,PDL,0.0,Historical
2024-01-01,MO,DIGITAL,ILP,325.0,Historical
2024-01-01,MO,DIGITAL,PDL,2.0,Historical
2024-01-01,MO,PHYSICAL,ILP,1203.0,Historical
2024-01-01,MO,PHYSICAL,PDL,0.0,Historical
2024-01-01,MS,DIGITAL,ILP,385.0,Historical
2024-01-01,MS,DIGITAL,PDL,511.0,Historical
2024-01-01,MS,PHYSICAL,ILP,2543.0,Historical
2024-01-01,MS,PHYSICAL,PDL,1950.0,Historical
2024-01-01,MS,UNKNOWN,PDL,0.0,Historical
2024-01-01,NV,DIGITAL,ILP,134.0,Historical
2024-01-01,NV,DIGITAL,PDL,0.0,Historical
2024-01-01,NV,PHYSICAL,ILP,384.0,Historical
2024-01-01,NV,PHYSICAL,PDL,0.0,Historical
2024-01-01,OH,DIGITAL,ILP,1304.0,Historical
2024-01-01,OH,DIGITAL,PDL,0.0,Historical
2024-01-01,OH,PHYSICAL,ILP,4266.0,Historical
2024-01-01,OH,PHYSICAL,PDL,0.0,Historical
2024-01-01,OK,DIGITAL,ILP,760.0,Historical
2024-01-01,OK,PHYSICAL,ILP,2014.0,Historical
2024-01-01,OK,PHYSICAL,PDL,0.0,Historical
2024-01-01,RI,DIGITAL,PDL,720.0,Historical
2024-01-01,RI,PHYSICAL,PDL,7285.0,Historical
2024-01-01,SC,DIGITAL,PDL,0.0,Historical
2024-01-01,SC,PHYSICAL,PDL,0.0,Historical
2024-01-01,TN,DIGITAL,ILP,0.0,Historical
2024-01-01,TN,DIGITAL,PDL,661.0,Historical
2024-01-01,TN,PHYSICAL,ILP,0.0,Historical
2024-01-01,TN,PHYSICAL,PDL,1226.0,Historical
2024-01-01,TX,DIGITAL,ILP,2886.0,Historical
2024-01-01,TX,DIGITAL,PDL,1595.0,Historical
2024-01-01,TX,PHYSICAL,ILP,7974.0,Historical
2024-01-01,TX,PHYSICAL,PDL,1720.0,Historical
2024-01-01,UT,DIGITAL,ILP,30.0,Historical
2024-01-01,UT,DIGITAL,PDL,0.0,Historical
2024-01-01,UT,PHYSICAL,ILP,58.0,Historical
2024-01-01,UT,PHYSICAL,PDL,0.0,Historical
2024-01-01,WI,DIGITAL,ILP,225.0,Historical
2024-01-01,WI,DIGITAL,PDL,0.0,Historical
2024-01-01,WI,PHYSICAL,ILP,548.0,Historical
2024-01-01,WI,PHYSICAL,PDL,0.0,Historical
2024-01-01,WY,DIGITAL,PDL,582.0,Historical
2024-01-01,WY,PHYSICAL,ILP,0.0,Historical
2024-01-01,WY,PHYSICAL,PDL,2816.0,Historical
2024-02-01,AL,DIGITAL,ILP,732.0,Historical
2024-02-01,AL,DIGITAL,PDL,0.0,Historical
2024-02-01,AL,PHYSICAL,ILP,3508.0,Historical
2024-02-01,AL,PHYSICAL,PDL,0.0,Historical
2024-02-01,CA,DIGITAL,ILP,0.0,Historical
2024-02-01,CA,DIGITAL,PDL,16775.0,Historical
2024-02-01,CA,PHYSICAL,ILP,0.0,Historical
2024-02-01,CA,PHYSICAL,PDL,59290.0,Historical
2024-02-01,CO,DIGITAL,ILP,0.0,Historical
2024-02-01,CO,DIGITAL,PDL,0.0,Historical
2024-02-01,CO,PHYSICAL,ILP,0.0,Historical
2024-02-01,CO,PHYSICAL,PDL,0.0,Historical
2024-02-01,DE,DIGITAL,ILP,59.0,Historical
2024-02-01,DE,PHYSICAL,ILP,205.0,Historical
2024-02-01,FL,DIGITAL,ILP,3951.0,Historical
2024-02-01,FL,DIGITAL,PDL,4388.0,Historical
2024-02-01,FL,PHYSICAL,ILP,18447.0,Historical
2024-02-01,FL,PHYSICAL,PDL,22799.0,Historical
2024-02-01,IA,DIGITAL,PDL,1709.0,Historical
2024-02-01,IA,PHYSICAL,ILP,0.0,Historical
2024-02-01,IA,PHYSICAL,PDL,9490.0,Historical
2024-02-01,ID,DIGITAL,ILP,58.0,Historical
2024-02-01,ID,PHYSICAL,ILP,84.0,Historical
2024-02-01,ID,PHYSICAL,PDL,0.0,Historical
2024-02-01,IN,DIGITAL,PDL,2363.0,Historical
2024-02-01,IN,PHYSICAL,PDL,14163.0,Historical
2024-02-01,KS,DIGITAL,ILP,0.0,Historical
2024-02-01,KS,DIGITAL,PDL,376.0,Historical
2024-02-01,KS,PHYSICAL,ILP,0.0,Historical
2024-02-01,KS,PHYSICAL,PDL,1082.0,Historical
2024-02-01,KY,DIGITAL,PDL,395.0,Historical
2024-02-01,KY,PHYSICAL,ILP,0.0,Historical
2024-02-01,KY,PHYSICAL,PDL,8131.0,Historical
2024-02-01,LA,DIGITAL,PDL,2491.0,Historical
2024-02-01,LA,PHYSICAL,ILP,0.0,Historical
2024-02-01,LA,PHYSICAL,PDL,12629.0,Historical
2024-02-01,MI,DIGITAL,ILP,1.0,Historical
2024-02-01,MI,DIGITAL,PDL,11602.0,Historical
2024-02-01,MI,PHYSICAL,ILP,0.0,Historical
2024-02-01,MI,PHYSICAL,PDL,43064.0,Historical
2024-02-01,MI,UNKNOWN,PDL,0.0,Historical
2024-02-01,MO,DIGITAL,ILP,341.0,Historical
2024-02-01,MO,DIGITAL,PDL,1.0,Historical
2024-02-01,MO,PHYSICAL,ILP,1277.0,Historical
2024-02-01,MO,PHYSICAL,PDL,0.0,Historical
2024-02-01,MS,DIGITAL,ILP,332.0,Historical
2024-02-01,MS,DIGITAL,PDL,471.0,Historical
2024-02-01,MS,PHYSICAL,ILP,2534.0,Historical
2024-02-01,MS,PHYSICAL,PDL,2041.0,Historical
2024-02-01,MS,UNKNOWN,PDL,0.0,Historical
2024-02-01,NV,DIGITAL,ILP,133.0,Historical
2024-02-01,NV,DIGITAL,PDL,0.0,Historical
2024-02-01,NV,PHYSICAL,ILP,352.0,Historical
2024-02-01,NV,PHYSICAL,PDL,0.0,Historical
2024-02-01,OH,DIGITAL,ILP,1272.0,Historical
2024-02-01,OH,DIGITAL,PDL,0.0,Historical
2024-02-01,OH,PHYSICAL,ILP,4394.0,Historical
2024-02-01,OH,PHYSICAL,PDL,0.0,Historical
2024-02-01,OK,DIGITAL,ILP,725.0,Historical
2024-02-01,OK,PHYSICAL,ILP,1884.0,Historical
2024-02-01,OK,PHYSICAL,PDL,0.0,Historical
2024-02-01,RI,DIGITAL,PDL,718.0,Historical
2024-02-01,RI,PHYSICAL,PDL,7322.0,Historical
2024-02-01,SC,DIGITAL,PDL,0.0,Historical
2024-02-01,SC,PHYSICAL,PDL,0.0,Historical
2024-02-01,TN,DIGITAL,ILP,0.0,Historical
2024-02-01,TN,DIGITAL,PDL,629.0,Historical
2024-02-01,TN,PHYSICAL,ILP,0.0,Historical
2024-02-01,TN,PHYSICAL,PDL,1198.0,Historical
2024-02-01,TX,DIGITAL,ILP,2687.0,Historical
2024-02-01,TX,DIGITAL,PDL,1590.0,Historical
2024-02-01,TX,PHYSICAL,ILP,7987.0,Historical
2024-02-01,TX,PHYSICAL,PDL,1784.0,Historical
2024-02-01,UT,DIGITAL,ILP,45.0,Historical
2024-02-01,UT,DIGITAL,PDL,0.0,Historical
2024-02-01,UT,PHYSICAL,ILP,55.0,Historical
2024-02-01,UT,PHYSICAL,PDL,0.0,Historical
2024-02-01,WI,DIGITAL,ILP,217.0,Historical
2024-02-01,WI,DIGITAL,PDL,0.0,Historical
2024-02-01,WI,PHYSICAL,ILP,501.0,Historical
2024-02-01,WI,PHYSICAL,PDL,0.0,Historical
2024-02-01,WY,DIGITAL,PDL,533.0,Historical
2024-02-01,WY,PHYSICAL,ILP,0.0,Historical
2024-02-01,WY,PHYSICAL,PDL,2660.0,Historical
2024-03-01,AL,DIGITAL,ILP,790.0,Historical
2024-03-01,AL,DIGITAL,PDL,0.0,Historical
2024-03-01,AL,PHYSICAL,ILP,3838.0,Historical
2024-03-01,AL,PHYSICAL,PDL,0.0,Historical
2024-03-01,CA,DIGITAL,ILP,0.0,Historical
2024-03-01,CA,DIGITAL,PDL,16998.0,Historical
2024-03-01,CA,PHYSICAL,ILP,0.0,Historical
2024-03-01,CA,PHYSICAL,PDL,59366.0,Historical
2024-03-01,CO,DIGITAL,ILP,0.0,Historical
2024-03-01,CO,DIGITAL,PDL,0.0,Historical
2024-03-01,CO,PHYSICAL,ILP,0.0,Historical
2024-03-01,CO,PHYSICAL,PDL,0.0,Historical
2024-03-01,DE,DIGITAL,ILP,62.0,Historical
2024-03-01,DE,PHYSICAL,ILP,204.0,Historical
2024-03-01,FL,DIGITAL,ILP,4312.0,Historical
2024-03-01,FL,DIGITAL,PDL,4309.0,Historical
2024-03-01,FL,PHYSICAL,ILP,19639.0,Historical
2024-03-01,FL,PHYSICAL,PDL,22462.0,Historical
2024-03-01,IA,DIGITAL,PDL,1745.0,Historical
2024-03-01,IA,PHYSICAL,ILP,0.0,Historical
2024-03-01,IA,PHYSICAL,PDL,9905.0,Historical
2024-03-01,ID,DIGITAL,ILP,60.0,Historical
2024-03-01,ID,PHYSICAL,ILP,80.0,Historical
2024-03-01,ID,PHYSICAL,PDL,0.0,Historical
2024-03-01,IN,DIGITAL,PDL,2392.0,Historical
2024-03-01,IN,PHYSICAL,PDL,13929.0,Historical
2024-03-01,KS,DIGITAL,ILP,0.0,Historical
2024-03-01,KS,DIGITAL,PDL,366.0,Historical
2024-03-01,KS,PHYSICAL,ILP,0.0,Historical
2024-03-01,KS,PHYSICAL,PDL,1057.0,Historical
2024-03-01,KY,DIGITAL,PDL,426.0,Historical
2024-03-01,KY,PHYSICAL,ILP,0.0,Historical
2024-03-01,KY,PHYSICAL,PDL,8076.0,Historical
2024-03-01,LA,DIGITAL,PDL,2386.0,Historical
2024-03-01,LA,PHYSICAL,ILP,0.0,Historical
2024-03-01,LA,PHYSICAL,PDL,11870.0,Historical
2024-03-01,MI,DIGITAL,ILP,0.0,Historical
2024-03-01,MI,DIGITAL,PDL,11075.0,Historical
2024-03-01,MI,PHYSICAL,ILP,0.0,Historical
2024-03-01,MI,PHYSICAL,PDL,42372.0,Historical
2024-03-01,MI,UNKNOWN,PDL,0.0,Historical
2024-03-01,MO,DIGITAL,ILP,367.0,Historical
2024-03-01,MO,DIGITAL,PDL,0.0,Historical
2024-03-01,MO,PHYSICAL,ILP,1421.0,Historical
2024-03-01,MO,PHYSICAL,PDL,0.0,Historical
2024-03-01,MS,DIGITAL,ILP,408.0,Historical
2024-03-01,MS,DIGITAL,PDL,260.0,Historical
2024-03-01,MS,PHYSICAL,ILP,2957.0,Historical
2024-03-01,MS,PHYSICAL,PDL,1456.0,Historical
2024-03-01,MS,UNKNOWN,PDL,0.0,Historical
2024-03-01,NV,DIGITAL,ILP,126.0,Historical
2024-03-01,NV,DIGITAL,PDL,0.0,Historical
2024-03-01,NV,PHYSICAL,ILP,424.0,Historical
2024-03-01,NV,PHYSICAL,PDL,0.0,Historical
2024-03-01,OH,DIGITAL,ILP,1393.0,Historical
2024-03-01,OH,DIGITAL,PDL,0.0,Historical
2024-03-01,OH,PHYSICAL,ILP,4758.0,Historical
2024-03-01,OH,PHYSICAL,PDL,0.0,Historical
2024-03-01,OK,DIGITAL,ILP,759.0,Historical
2024-03-01,OK,PHYSICAL,ILP,2057.0,Historical
2024-03-01,OK,PHYSICAL,PDL,0.0,Historical
2024-03-01,RI,DIGITAL,PDL,712.0,Historical
2024-03-01,RI,PHYSICAL,PDL,6988.0,Historical
2024-03-01,SC,DIGITAL,PDL,0.0,Historical
2024-03-01,SC,PHYSICAL,PDL,0.0,Historical
2024-03-01,TN,DIGITAL,ILP,0.0,Historical
2024-03-01,TN,DIGITAL,PDL,632.0,Historical
2024-03-01,TN,PHYSICAL,ILP,0.0,Historical
2024-03-01,TN,PHYSICAL,PDL,1045.0,Historical
2024-03-01,TX,DIGITAL,ILP,2792.0,Historical
2024-03-01,TX,DIGITAL,PDL,1562.0,Historical
2024-03-01,TX,PHYSICAL,ILP,8050.0,Historical
2024-03-01,TX,PHYSICAL,PDL,1643.0,Historical
2024-03-01,UT,DIGITAL,ILP,56.0,Historical
2024-03-01,UT,DIGITAL,PDL,0.0,Historical
2024-03-01,UT,PHYSICAL,ILP,51.0,Historical
2024-03-01,UT,PHYSICAL,PDL,0.0,Historical
2024-03-01,WI,DIGITAL,ILP,247.0,Historical
2024-03-01,WI,DIGITAL,PDL,0.0,Historical
2024-03-01,WI,PHYSICAL,ILP,555.0,Historical
2024-03-01,WI,PHYSICAL,PDL,0.0,Historical
2024-03-01,WY,DIGITAL,PDL,535.0,Historical
2024-03-01,WY,PHYSICAL,ILP,0.0,Historical
2024-03-01,WY,PHYSICAL,PDL,2644.0,Historical
2024-04-01,AL,DIGITAL,ILP,805.0,Historical
2024-04-01,AL,DIGITAL,PDL,0.0,Historical
2024-04-01,AL,PHYSICAL,ILP,4329.0,Historical
2024-04-01,AL,PHYSICAL,PDL,0.0,Historical
2024-04-01,CA,DIGITAL,ILP,0.0,Historical
2024-04-01,CA,DIGITAL,PDL,16228.0,Historical
2024-04-01,CA,PHYSICAL,ILP,0.0,Historical
2024-04-01,CA,PHYSICAL,PDL,57459.0,Historical
2024-04-01,CO,DIGITAL,ILP,0.0,Historical
2024-04-01,CO,DIGITAL,PDL,0.0,Historical
2024-04-01,CO,PHYSICAL,ILP,0.0,Historical
2024-04-01,CO,PHYSICAL,PDL,0.0,Historical
2024-04-01,DE,DIGITAL,ILP,73.0,Historical
2024-04-01,DE,PHYSICAL,ILP,266.0,Historical
2024-04-01,FL,DIGITAL,ILP,4509.0,Historical
2024-04-01,FL,DIGITAL,PDL,3308.0,Historical
2024-04-01,FL,PHYSICAL,ILP,20375.0,Historical
2024-04-01,FL,PHYSICAL,PDL,20919.0,Historical
2024-04-01,IA,DIGITAL,PDL,1644.0,Historical
2024-04-01,IA,PHYSICAL,ILP,0.0,Historical
2024-04-01,IA,PHYSICAL,PDL,9288.0,Historical
2024-04-01,ID,DIGITAL,ILP,58.0,Historical
2024-04-01,ID,PHYSICAL,ILP,100.0,Historical
2024-04-01,ID,PHYSICAL,PDL,0.0,Historical
2024-04-01,IN,DIGITAL,PDL,2428.0,Historical
2024-04-01,IN,PHYSICAL,PDL,14380.0,Historical
2024-04-01,KS,DIGITAL,ILP,0.0,Historical
2024-04-01,KS,DIGITAL,PDL,335.0,Historical
2024-04-01,KS,PHYSICAL,ILP,0.0,Historical
2024-04-01,KS,PHYSICAL,PDL,957.0,Historical
2024-04-01,KY,DIGITAL,PDL,475.0,Historical
2024-04-01,KY,PHYSICAL,ILP,0.0,Historical
2024-04-01,KY,PHYSICAL,PDL,7839.0,Historical
2024-04-01,LA,DIGITAL,PDL,2262.0,Historical
2024-04-01,LA,PHYSICAL,ILP,0.0,Historical
2024-04-01,LA,PHYSICAL,PDL,11699.0,Historical
2024-04-01,MI,DIGITAL,ILP,0.0,Historical
2024-04-01,MI,DIGITAL,PDL,10752.0,Historical
2024-04-01,MI,PHYSICAL,ILP,0.0,Historical
2024-04-01,MI,PHYSICAL,PDL,41463.0,Historical
2024-04-01,MI,UNKNOWN,PDL,0.0,Historical
2024-04-01,MO,DIGITAL,ILP,369.0,Historical
2024-04-01,MO,DIGITAL,PDL,0.0,Historical
2024-04-01,MO,PHYSICAL,ILP,1649.0,Historical
2024-04-01,MO,PHYSICAL,PDL,0.0,Historical
2024-04-01,MS,DIGITAL,ILP,500.0,Historical
2024-04-01,MS,DIGITAL,PDL,102.0,Historical
2024-04-01,MS,PHYSICAL,ILP,3405.0,Historical
2024-04-01,MS,PHYSICAL,PDL,1437.0,Historical
2024-04-01,MS,UNKNOWN,PDL,0.0,Historical
2024-04-01,NV,DIGITAL,ILP,178.0,Historical
2024-04-01,NV,DIGITAL,PDL,0.0,Historical
2024-04-01,NV,PHYSICAL,ILP,422.0,Historical
2024-04-01,NV,PHYSICAL,PDL,0.0,Historical
2024-04-01,OH,DIGITAL,ILP,1723.0,Historical
2024-04-01,OH,DIGITAL,PDL,0.0,Historical
2024-04-01,OH,PHYSICAL,ILP,5438.0,Historical
2024-04-01,OH,PHYSICAL,PDL,0.0,Historical
2024-04-01,OK,DIGITAL,ILP,837.0,Historical
2024-04-01,OK,PHYSICAL,ILP,2330.0,Historical
2024-04-01,OK,PHYSICAL,PDL,0.0,Historical
2024-04-01,RI,DIGITAL,PDL,650.0,Historical
2024-04-01,RI,PHYSICAL,PDL,6476.0,Historical
2024-04-01,SC,DIGITAL,PDL,0.0,Historical
2024-04-01,SC,PHYSICAL,PDL,0.0,Historical
2024-04-01,TN,DIGITAL,ILP,0.0,Historical
2024-04-01,TN,DIGITAL,PDL,629.0,Historical
2024-04-01,TN,PHYSICAL,ILP,0.0,Historical
2024-04-01,TN,PHYSICAL,PDL,1034.0,Historical
2024-04-01,TX,DIGITAL,ILP,3071.0,Historical
2024-04-01,TX,DIGITAL,PDL,1446.0,Historical
2024-04-01,TX,PHYSICAL,ILP,8812.0,Historical
2024-04-01,TX,PHYSICAL,PDL,1516.0,Historical
2024-04-01,UT,DIGITAL,ILP,46.0,Historical
2024-04-01,UT,DIGITAL,PDL,0.0,Historical
2024-04-01,UT,PHYSICAL,ILP,58.0,Historical
2024-04-01,UT,PHYSICAL,PDL,0.0,Historical
2024-04-01,WI,DIGITAL,ILP,338.0,Historical
2024-04-01,WI,DIGITAL,PDL,0.0,Historical
2024-04-01,WI,PHYSICAL,ILP,737.0,Historical
2024-04-01,WI,PHYSICAL,PDL,0.0,Historical
2024-04-01,WY,DIGITAL,PDL,545.0,Historical
2024-04-01,WY,PHYSICAL,ILP,0.0,Historical
2024-04-01,WY,PHYSICAL,PDL,2589.0,Historical
2024-05-01,AL,DIGITAL,ILP,900.0,Historical
2024-05-01,AL,DIGITAL,PDL,0.0,Historical
2024-05-01,AL,PHYSICAL,ILP,4743.0,Historical
2024-05-01,AL,PHYSICAL,PDL,0.0,Historical
2024-05-01,CA,DIGITAL,ILP,0.0,Historical
2024-05-01,CA,DIGITAL,PDL,18015.0,Historical
2024-05-01,CA,PHYSICAL,ILP,0.0,Historical
2024-05-01,CA,PHYSICAL,PDL,63784.0,Historical
2024-05-01,CO,DIGITAL,ILP,0.0,Historical
2024-05-01,CO,DIGITAL,PDL,0.0,Historical
2024-05-01,CO,PHYSICAL,ILP,0.0,Historical
2024-05-01,CO,PHYSICAL,PDL,0.0,Historical
2024-05-01,DE,DIGITAL,ILP,77.0,Historical
2024-05-01,DE,PHYSICAL,ILP,335.0,Historical
2024-05-01,FL,DIGITAL,ILP,5163.0,Historical
2024-05-01,FL,DIGITAL,PDL,3265.0,Historical
2024-05-01,FL,PHYSICAL,ILP,22056.0,Historical
2024-05-01,FL,PHYSICAL,PDL,21486.0,Historical
2024-05-01,IA,DIGITAL,PDL,1853.0,Historical
2024-05-01,IA,PHYSICAL,ILP,0.0,Historical
2024-05-01,IA,PHYSICAL,PDL,9900.0,Historical
2024-05-01,ID,DIGITAL,ILP,57.0,Historical
2024-05-01,ID,PHYSICAL,ILP,90.0,Historical
2024-05-01,ID,PHYSICAL,PDL,0.0,Historical
2024-05-01,IN,DIGITAL,PDL,2774.0,Historical
2024-05-01,IN,PHYSICAL,PDL,16451.0,Historical
2024-05-01,KS,DIGITAL,ILP,0.0,Historical
2024-05-01,KS,DIGITAL,PDL,403.0,Historical
2024-05-01,KS,PHYSICAL,ILP,0.0,Historical
2024-05-01,KS,PHYSICAL,PDL,1095.0,Historical
2024-05-01,KY,DIGITAL,PDL,547.0,Historical
2024-05-01,KY,PHYSICAL,ILP,0.0,Historical
2024-05-01,KY,PHYSICAL,PDL,9021.0,Historical
2024-05-01,LA,DIGITAL,PDL,2696.0,Historical
2024-05-01,LA,PHYSICAL,ILP,0.0,Historical
2024-05-01,LA,PHYSICAL,PDL,13435.0,Historical
2024-05-01,MI,DIGITAL,ILP,0.0,Historical
2024-05-01,MI,DIGITAL,PDL,12476.0,Historical
2024-05-01,MI,PHYSICAL,ILP,0.0,Historical
2024-05-01,MI,PHYSICAL,PDL,48166.0,Historical
2024-05-01,MI,UNKNOWN,PDL,0.0,Historical
2024-05-01,MO,DIGITAL,ILP,462.0,Historical
2024-05-01,MO,DIGITAL,PDL,0.0,Historical
2024-05-01,MO,PHYSICAL,ILP,1656.0,Historical
2024-05-01,MO,PHYSICAL,PDL,0.0,Historical
2024-05-01,MS,DIGITAL,ILP,574.0,Historical
2024-05-01,MS,DIGITAL,PDL,101.0,Historical
2024-05-01,MS,PHYSICAL,ILP,3566.0,Historical
2024-05-01,MS,PHYSICAL,PDL,1643.0,Historical
2024-05-01,MS,UNKNOWN,PDL,0.0,Historical
2024-05-01,NV,DIGITAL,ILP,160.0,Historical
2024-05-01,NV,DIGITAL,PDL,0.0,Historical
2024-05-01,NV,PHYSICAL,ILP,457.0,Historical
2024-05-01,NV,PHYSICAL,PDL,0.0,Historical
2024-05-01,OH,DIGITAL,ILP,2037.0,Historical
2024-05-01,OH,DIGITAL,PDL,0.0,Historical
2024-05-01,OH,PHYSICAL,ILP,6039.0,Historical
2024-05-01,OH,PHYSICAL,PDL,0.0,Historical
2024-05-01,OK,DIGITAL,ILP,1036.0,Historical
2024-05-01,OK,PHYSICAL,ILP,2471.0,Historical
2024-05-01,OK,PHYSICAL,PDL,0.0,Historical
2024-05-01,RI,DIGITAL,PDL,740.0,Historical
2024-05-01,RI,PHYSICAL,PDL,7835.0,Historical
2024-05-01,SC,DIGITAL,PDL,0.0,Historical
2024-05-01,SC,PHYSICAL,PDL,0.0,Historical
2024-05-01,TN,DIGITAL,ILP,0.0,Historical
2024-05-01,TN,DIGITAL,PDL,657.0,Historical
2024-05-01,TN,PHYSICAL,ILP,0.0,Historical
2024-05-01,TN,PHYSICAL,PDL,1215.0,Historical
2024-05-01,TX,DIGITAL,ILP,3284.0,Historical
2024-05-01,TX,DIGITAL,PDL,1685.0,Historical
2024-05-01,TX,PHYSICAL,ILP,9682.0,Historical
2024-05-01,TX,PHYSICAL,PDL,1709.0,Historical
2024-05-01,UT,DIGITAL,ILP,49.0,Historical
2024-05-01,UT,DIGITAL,PDL,0.0,Historical
2024-05-01,UT,PHYSICAL,ILP,60.0,Historical
2024-05-01,UT,PHYSICAL,PDL,0.0,Historical
2024-05-01,WI,DIGITAL,ILP,338.0,Historical
2024-05-01,WI,DIGITAL,PDL,0.0,Historical
2024-05-01,WI,PHYSICAL,ILP,682.0,Historical
2024-05-01,WI,PHYSICAL,PDL,0.0,Historical
2024-05-01,WY,DIGITAL,PDL,598.0,Historical
2024-05-01,WY,PHYSICAL,ILP,0.0,Historical
2024-05-01,WY,PHYSICAL,PDL,2994.0,Historical
2024-06-01,AL,DIGITAL,ILP,970.0,Historical
2024-06-01,AL,DIGITAL,PDL,0.0,Historical
2024-06-01,AL,PHYSICAL,ILP,4344.0,Historical
2024-06-01,AL,PHYSICAL,PDL,0.0,Historical
2024-06-01,CA,DIGITAL,ILP,0.0,Historical
2024-06-01,CA,DIGITAL,PDL,16862.0,Historical
2024-06-01,CA,PHYSICAL,ILP,0.0,Historical
2024-06-01,CA,PHYSICAL,PDL,56603.0,Historical
2024-06-01,CO,DIGITAL,ILP,0.0,Historical
2024-06-01,CO,DIGITAL,PDL,0.0,Historical
2024-06-01,CO,PHYSICAL,ILP,0.0,Historical
2024-06-01,CO,PHYSICAL,PDL,0.0,Historical
2024-06-01,DE,DIGITAL,ILP,81.0,Historical
2024-06-01,DE,PHYSICAL,ILP,269.0,Historical
2024-06-01,FL,DIGITAL,ILP,5235.0,Historical
2024-06-01,FL,DIGITAL,PDL,3075.0,Historical
2024-06-01,FL,PHYSICAL,ILP,21607.0,Historical
2024-06-01,FL,PHYSICAL,PDL,19859.0,Historical
2024-06-01,IA,DIGITAL,PDL,1893.0,Historical
2024-06-01,IA,PHYSICAL,ILP,0.0,Historical
2024-06-01,IA,PHYSICAL,PDL,9880.0,Historical
2024-06-01,ID,DIGITAL,ILP,60.0,Historical
2024-06-01,ID,PHYSICAL,ILP,85.0,Historical
2024-06-01,ID,PHYSICAL,PDL,0.0,Historical
2024-06-01,IN,DIGITAL,PDL,2513.0,Historical
2024-06-01,IN,PHYSICAL,PDL,14516.0,Historical
2024-06-01,KS,DIGITAL,ILP,0.0,Historical
2024-06-01,KS,DIGITAL,PDL,393.0,Historical
2024-06-01,KS,PHYSICAL,ILP,0.0,Historical
2024-06-01,KS,PHYSICAL,PDL,874.0,Historical
2024-06-01,KY,DIGITAL,PDL,506.0,Historical
2024-06-01,KY,PHYSICAL,ILP,0.0,Historical
2024-06-01,KY,PHYSICAL,PDL,7857.0,Historical
2024-06-01,LA,DIGITAL,PDL,2362.0,Historical
2024-06-01,LA,PHYSICAL,ILP,0.0,Historical
2024-06-01,LA,PHYSICAL,PDL,11469.0,Historical
2024-06-01,MI,DIGITAL,ILP,0.0,Historical
2024-06-01,MI,DIGITAL,PDL,11774.0,Historical
2024-06-01,MI,PHYSICAL,ILP,0.0,Historical
2024-06-01,MI,PHYSICAL,PDL,42887.0,Historical
2024-06-01,MI,UNKNOWN,PDL,0.0,Historical
2024-06-01,MO,DIGITAL,ILP,442.0,Historical
2024-06-01,MO,DIGITAL,PDL,0.0,Historical
2024-06-01,MO,PHYSICAL,ILP,1366.0,Historical
2024-06-01,MO,PHYSICAL,PDL,0.0,Historical
2024-06-01,MS,DIGITAL,ILP,589.0,Historical
2024-06-01,MS,DIGITAL,PDL,110.0,Historical
2024-06-01,MS,PHYSICAL,ILP,3105.0,Historical
2024-06-01,MS,PHYSICAL,PDL,1396.0,Historical
2024-06-01,MS,UNKNOWN,PDL,0.0,Historical
2024-06-01,NV,DIGITAL,ILP,148.0,Historical
2024-06-01,NV,DIGITAL,PDL,0.0,Historical
2024-06-01,NV,PHYSICAL,ILP,464.0,Historical
2024-06-01,NV,PHYSICAL,PDL,0.0,Historical
2024-06-01,OH,DIGITAL,ILP,1827.0,Historical
2024-06-01,OH,DIGITAL,PDL,0.0,Historical
2024-06-01,OH,PHYSICAL,ILP,5310.0,Historical
2024-06-01,OH,PHYSICAL,PDL,0.0,Historical
2024-06-01,OK,DIGITAL,ILP,990.0,Historical
2024-06-01,OK,PHYSICAL,ILP,2178.0,Historical
2024-06-01,OK,PHYSICAL,PDL,0.0,Historical
2024-06-01,RI,DIGITAL,PDL,676.0,Historical
2024-06-01,RI,PHYSICAL,PDL,6601.0,Historical
2024-06-01,SC,DIGITAL,PDL,0.0,Historical
2024-06-01,SC,PHYSICAL,PDL,0.0,Historical
2024-06-01,TN,DIGITAL,ILP,0.0,Historical
2024-06-01,TN,DIGITAL,PDL,599.0,Historical
2024-06-01,TN,PHYSICAL,ILP,0.0,Historical
2024-06-01,TN,PHYSICAL,PDL,941.0,Historical
2024-06-01,TX,DIGITAL,ILP,3039.0,Historical
2024-06-01,TX,DIGITAL,PDL,1440.0,Historical
2024-06-01,TX,PHYSICAL,ILP,9068.0,Historical
2024-06-01,TX,PHYSICAL,PDL,1337.0,Historical
2024-06-01,UT,DIGITAL,ILP,53.0,Historical
2024-06-01,UT,DIGITAL,PDL,0.0,Historical
2024-06-01,UT,PHYSICAL,ILP,56.0,Historical
2024-06-01,UT,PHYSICAL,PDL,0.0,Historical
2024-06-01,WI,DIGITAL,ILP,310.0,Historical
2024-06-01,WI,DIGITAL,PDL,0.0,Historical
2024-06-01,WI,PHYSICAL,ILP,583.0,Historical
2024-06-01,WI,PHYSICAL,PDL,0.0,Historical
2024-06-01,WY,DIGITAL,PDL,553.0,Historical
2024-06-01,WY,PHYSICAL,ILP,0.0,Historical
2024-06-01,WY,PHYSICAL,PDL,2651.0,Historical
2024-07-01,AL,DIGITAL,ILP,1059.0,Historical
2024-07-01,AL,DIGITAL,PDL,0.0,Historical
2024-07-01,AL,PHYSICAL,ILP,4713.0,Historical
2024-07-01,AL,PHYSICAL,PDL,0.0,Historical
2024-07-01,CA,DIGITAL,ILP,0.0,Historical
2024-07-01,CA,DIGITAL,PDL,17593.0,Historical
2024-07-01,CA,PHYSICAL,ILP,1.0,Historical
2024-07-01,CA,PHYSICAL,PDL,60816.0,Historical
2024-07-01,CO,DIGITAL,ILP,0.0,Historical
2024-07-01,CO,DIGITAL,PDL,0.0,Historical
2024-07-01,CO,PHYSICAL,ILP,0.0,Historical
2024-07-01,CO,PHYSICAL,PDL,0.0,Historical
2024-07-01,DE,DIGITAL,ILP,86.0,Historical
2024-07-01,DE,PHYSICAL,ILP,261.0,Historical
2024-07-01,FL,DIGITAL,ILP,5404.0,Historical
2024-07-01,FL,DIGITAL,PDL,3134.0,Historical
2024-07-01,FL,PHYSICAL,ILP,22896.0,Historical
2024-07-01,FL,PHYSICAL,PDL,20203.0,Historical
2024-07-01,IA,DIGITAL,PDL,1861.0,Historical
2024-07-01,IA,PHYSICAL,ILP,0.0,Historical
2024-07-01,IA,PHYSICAL,PDL,9825.0,Historical
2024-07-01,ID,DIGITAL,ILP,78.0,Historical
2024-07-01,ID,PHYSICAL,ILP,85.0,Historical
2024-07-01,ID,PHYSICAL,PDL,0.0,Historical
2024-07-01,IN,DIGITAL,PDL,2713.0,Historical
2024-07-01,IN,PHYSICAL,PDL,15555.0,Historical
2024-07-01,KS,DIGITAL,ILP,0.0,Historical
2024-07-01,KS,DIGITAL,PDL,202.0,Historical
2024-07-01,KS,PHYSICAL,ILP,0.0,Historical
2024-07-01,KS,PHYSICAL,PDL,699.0,Historical
2024-07-01,KY,DIGITAL,PDL,596.0,Historical
2024-07-01,KY,PHYSICAL,ILP,0.0,Historical
2024-07-01,KY,PHYSICAL,PDL,8584.0,Historical
2024-07-01,KY,UNKNOWN,PDL,0.0,Historical
2024-07-01,LA,DIGITAL,PDL,2477.0,Historical
2024-07-01,LA,PHYSICAL,ILP,0.0,Historical
2024-07-01,LA,PHYSICAL,PDL,12815.0,Historical
2024-07-01,MI,DIGITAL,ILP,0.0,Historical
2024-07-01,MI,DIGITAL,PDL,12372.0,Historical
2024-07-01,MI,PHYSICAL,ILP,0.0,Historical
2024-07-01,MI,PHYSICAL,PDL,46335.0,Historical
2024-07-01,MI,UNKNOWN,PDL,0.0,Historical
2024-07-01,MO,DIGITAL,ILP,479.0,Historical
2024-07-01,MO,DIGITAL,PDL,0.0,Historical
2024-07-01,MO,PHYSICAL,ILP,1440.0,Historical
2024-07-01,MO,PHYSICAL,PDL,0.0,Historical
2024-07-01,MS,DIGITAL,ILP,628.0,Historical
2024-07-01,MS,DIGITAL,PDL,94.0,Historical
2024-07-01,MS,PHYSICAL,ILP,3446.0,Historical
2024-07-01,MS,PHYSICAL,PDL,1309.0,Historical
2024-07-01,MS,UNKNOWN,PDL,0.0,Historical
2024-07-01,NV,DIGITAL,ILP,210.0,Historical
2024-07-01,NV,DIGITAL,PDL,0.0,Historical
2024-07-01,NV,PHYSICAL,ILP,491.0,Historical
2024-07-01,NV,PHYSICAL,PDL,0.0,Historical
2024-07-01,OH,DIGITAL,ILP,1831.0,Historical
2024-07-01,OH,DIGITAL,PDL,0.0,Historical
2024-07-01,OH,PHYSICAL,ILP,6136.0,Historical
2024-07-01,OH,PHYSICAL,PDL,0.0,Historical
2024-07-01,OK,DIGITAL,ILP,1054.0,Historical
2024-07-01,OK,PHYSICAL,ILP,2405.0,Historical
2024-07-01,OK,PHYSICAL,PDL,0.0,Historical
2024-07-01,RI,DIGITAL,PDL,743.0,Historical
2024-07-01,RI,PHYSICAL,PDL,7167.0,Historical
2024-07-01,SC,DIGITAL,PDL,0.0,Historical
2024-07-01,SC,PHYSICAL,PDL,0.0,Historical
2024-07-01,TN,DIGITAL,ILP,0.0,Historical
2024-07-01,TN,DIGITAL,PDL,346.0,Historical
2024-07-01,TN,PHYSICAL,ILP,0.0,Historical
2024-07-01,TN,PHYSICAL,PDL,874.0,Historical
2024-07-01,TX,DIGITAL,ILP,3182.0,Historical
2024-07-01,TX,DIGITAL,PDL,1595.0,Historical
2024-07-01,TX,PHYSICAL,ILP,9745.0,Historical
2024-07-01,TX,PHYSICAL,PDL,1387.0,Historical
2024-07-01,UT,DIGITAL,ILP,57.0,Historical
2024-07-01,UT,DIGITAL,PDL,0.0,Historical
2024-07-01,UT,PHYSICAL,ILP,50.0,Historical
2024-07-01,UT,PHYSICAL,PDL,0.0,Historical
2024-07-01,WI,DIGITAL,ILP,336.0,Historical
2024-07-01,WI,DIGITAL,PDL,0.0,Historical
2024-07-01,WI,PHYSICAL,ILP,652.0,Historical
2024-07-01,WI,PHYSICAL,PDL,0.0,Historical
2024-07-01,WY,DIGITAL,PDL,619.0,Historical
2024-07-01,WY,PHYSICAL,ILP,0.0,Historical
2024-07-01,WY,PHYSICAL,PDL,3000.0,Historical
2024-08-01,AL,DIGITAL,ILP,989.0,Historical
2024-08-01,AL,DIGITAL,PDL,0.0,Historical
2024-08-01,AL,PHYSICAL,ILP,4263.0,Historical
2024-08-01,AL,PHYSICAL,PDL,0.0,Historical
2024-08-01,CA,DIGITAL,ILP,0.0,Historical
2024-08-01,CA,DIGITAL,PDL,19136.0,Historical
2024-08-01,CA,PHYSICAL,ILP,0.0,Historical
2024-08-01,CA,PHYSICAL,PDL,68100.0,Historical
2024-08-01,CO,DIGITAL,ILP,0.0,Historical
2024-08-01,CO,DIGITAL,PDL,0.0,Historical
2024-08-01,CO,PHYSICAL,ILP,0.0,Historical
2024-08-01,CO,PHYSICAL,PDL,0.0,Historical
2024-08-01,DE,DIGITAL,ILP,102.0,Historical
2024-08-01,DE,PHYSICAL,ILP,250.0,Historical
2024-08-01,FL,DIGITAL,ILP,5747.0,Historical
2024-08-01,FL,DIGITAL,PDL,3381.0,Historical
2024-08-01,FL,PHYSICAL,ILP,24333.0,Historical
2024-08-01,FL,PHYSICAL,PDL,22249.0,Historical
2024-08-01,IA,DIGITAL,PDL,2099.0,Historical
2024-08-01,IA,PHYSICAL,ILP,0.0,Historical
2024-08-01,IA,PHYSICAL,PDL,11233.0,Historical
2024-08-01,ID,DIGITAL,ILP,61.0,Historical
2024-08-01,ID,PHYSICAL,ILP,73.0,Historical
2024-08-01,ID,PHYSICAL,PDL,0.0,Historical
2024-08-01,IN,DIGITAL,PDL,2879.0,Historical
2024-08-01,IN,PHYSICAL,PDL,17325.0,Historical
2024-08-01,KS,DIGITAL,ILP,0.0,Historical
2024-08-01,KS,DIGITAL,PDL,121.0,Historical
2024-08-01,KS,PHYSICAL,ILP,0.0,Historical
2024-08-01,KS,PHYSICAL,PDL,580.0,Historical
2024-08-01,KY,DIGITAL,PDL,651.0,Historical
2024-08-01,KY,PHYSICAL,ILP,0.0,Historical
2024-08-01,KY,PHYSICAL,PDL,9578.0,Historical
2024-08-01,KY,UNKNOWN,PDL,0.0,Historical
2024-08-01,LA,DIGITAL,PDL,2752.0,Historical
2024-08-01,LA,PHYSICAL,ILP,0.0,Historical
2024-08-01,LA,PHYSICAL,PDL,14174.0,Historical
2024-08-01,MI,DIGITAL,ILP,0.0,Historical
2024-08-01,MI,DIGITAL,PDL,13775.0,Historical
2024-08-01,MI,PHYSICAL,ILP,0.0,Historical
2024-08-01,MI,PHYSICAL,PDL,52858.0,Historical
2024-08-01,MI,UNKNOWN,PDL,0.0,Historical
2024-08-01,MO,DIGITAL,ILP,482.0,Historical
2024-08-01,MO,DIGITAL,PDL,0.0,Historical
2024-08-01,MO,PHYSICAL,ILP,1530.0,Historical
2024-08-01,MO,PHYSICAL,PDL,0.0,Historical
2024-08-01,MS,DIGITAL,ILP,602.0,Historical
2024-08-01,MS,DIGITAL,PDL,113.0,Historical
2024-08-01,MS,PHYSICAL,ILP,3177.0,Historical
2024-08-01,MS,PHYSICAL,PDL,1107.0,Historical
2024-08-01,MS,UNKNOWN,PDL,0.0,Historical
2024-08-01,NV,DIGITAL,ILP,236.0,Historical
2024-08-01,NV,DIGITAL,PDL,0.0,Historical
2024-08-01,NV,PHYSICAL,ILP,546.0,Historical
2024-08-01,NV,PHYSICAL,PDL,0.0,Historical
2024-08-01,OH,DIGITAL,ILP,1911.0,Historical
2024-08-01,OH,DIGITAL,PDL,0.0,Historical
2024-08-01,OH,PHYSICAL,ILP,5958.0,Historical
2024-08-01,OH,PHYSICAL,PDL,0.0,Historical
2024-08-01,OK,DIGITAL,ILP,1027.0,Historical
2024-08-01,OK,PHYSICAL,ILP,2399.0,Historical
2024-08-01,OK,PHYSICAL,PDL,0.0,Historical
2024-08-01,RI,DIGITAL,PDL,875.0,Historical
2024-08-01,RI,PHYSICAL,PDL,8265.0,Historical
2024-08-01,SC,DIGITAL,PDL,0.0,Historical
2024-08-01,SC,PHYSICAL,PDL,0.0,Historical
2024-08-01,TN,DIGITAL,ILP,0.0,Historical
2024-08-01,TN,DIGITAL,PDL,234.0,Historical
2024-08-01,TN,PHYSICAL,ILP,0.0,Historical
2024-08-01,TN,PHYSICAL,PDL,819.0,Historical
2024-08-01,TX,DIGITAL,ILP,3290.0,Historical
2024-08-01,TX,DIGITAL,PDL,1811.0,Historical
2024-08-01,TX,PHYSICAL,ILP,10306.0,Historical
2024-08-01,TX,PHYSICAL,PDL,1553.0,Historical
2024-08-01,UT,DIGITAL,ILP,52.0,Historical
2024-08-01,UT,DIGITAL,PDL,0.0,Historical
2024-08-01,UT,PHYSICAL,ILP,32.0,Historical
2024-08-01,UT,PHYSICAL,PDL,0.0,Historical
2024-08-01,WI,DIGITAL,ILP,366.0,Historical
2024-08-01,WI,DIGITAL,PDL,0.0,Historical
2024-08-01,WI,PHYSICAL,ILP,613.0,Historical
2024-08-01,WI,PHYSICAL,PDL,0.0,Historical
2024-08-01,WY,DIGITAL,PDL,649.0,Historical
2024-08-01,WY,PHYSICAL,ILP,0.0,Historical
2024-08-01,WY,PHYSICAL,PDL,3210.0,Historical
2024-09-01,AL,DIGITAL,ILP,893.0,Historical
2024-09-01,AL,DIGITAL,PDL,0.0,Historical
2024-09-01,AL,PHYSICAL,ILP,4226.0,Historical
2024-09-01,AL,PHYSICAL,PDL,0.0,Historical
2024-09-01,CA,DIGITAL,ILP,0.0,Historical
2024-09-01,CA,DIGITAL,PDL,17089.0,Historical
2024-09-01,CA,PHYSICAL,ILP,0.0,Historical
2024-09-01,CA,PHYSICAL,PDL,55773.0,Historical
2024-09-01,CO,DIGITAL,ILP,0.0,Historical
2024-09-01,CO,DIGITAL,PDL,0.0,Historical
2024-09-01,CO,PHYSICAL,ILP,0.0,Historical
2024-09-01,CO,PHYSICAL,PDL,0.0,Historical
2024-09-01,DE,DIGITAL,ILP,67.0,Historical
2024-09-01,DE,PHYSICAL,ILP,225.0,Historical
2024-09-01,FL,DIGITAL,ILP,5137.0,Historical
2024-09-01,FL,DIGITAL,PDL,3063.0,Historical
2024-09-01,FL,PHYSICAL,ILP,20972.0,Historical
2024-09-01,FL,PHYSICAL,PDL,17926.0,Historical
2024-09-01,IA,DIGITAL,PDL,1822.0,Historical
2024-09-01,IA,PHYSICAL,ILP,0.0,Historical
2024-09-01,IA,PHYSICAL,PDL,9460.0,Historical
2024-09-01,ID,DIGITAL,ILP,49.0,Historical
2024-09-01,ID,PHYSICAL,ILP,70.0,Historical
2024-09-01,ID,PHYSICAL,PDL,0.0,Historical
2024-09-01,IN,DIGITAL,PDL,2442.0,Historical
2024-09-01,IN,PHYSICAL,PDL,13881.0,Historical
2024-09-01,KS,DIGITAL,ILP,0.0,Historical
2024-09-01,KS,DIGITAL,PDL,78.0,Historical
2024-09-01,KS,PHYSICAL,ILP,0.0,Historical
2024-09-01,KS,PHYSICAL,PDL,442.0,Historical
2024-09-01,KY,DIGITAL,PDL,597.0,Historical
2024-09-01,KY,PHYSICAL,ILP,0.0,Historical
2024-09-01,KY,PHYSICAL,PDL,7820.0,Historical
2024-09-01,KY,UNKNOWN,PDL,0.0,Historical
2024-09-01,LA,DIGITAL,PDL,2277.0,Historical
2024-09-01,LA,PHYSICAL,ILP,0.0,Historical
2024-09-01,LA,PHYSICAL,PDL,11001.0,Historical
2024-09-01,MI,DIGITAL,ILP,0.0,Historical
2024-09-01,MI,DIGITAL,PDL,11714.0,Historical
2024-09-01,MI,PHYSICAL,ILP,0.0,Historical
2024-09-01,MI,PHYSICAL,PDL,43875.0,Historical
2024-09-01,MI,UNKNOWN,PDL,0.0,Historical
2024-09-01,MO,DIGITAL,ILP,405.0,Historical
2024-09-01,MO,DIGITAL,PDL,0.0,Historical
2024-09-01,MO,PHYSICAL,ILP,1240.0,Historical
2024-09-01,MO,PHYSICAL,PDL,0.0,Historical
2024-09-01,MS,DIGITAL,ILP,533.0,Historical
2024-09-01,MS,DIGITAL,PDL,120.0,Historical
2024-09-01,MS,PHYSICAL,ILP,2947.0,Historical
2024-09-01,MS,PHYSICAL,PDL,754.0,Historical
2024-09-01,MS,UNKNOWN,PDL,0.0,Historical
2024-09-01,NV,DIGITAL,ILP,170.0,Historical
2024-09-01,NV,DIGITAL,PDL,0.0,Historical
2024-09-01,NV,PHYSICAL,ILP,502.0,Historical
2024-09-01,NV,PHYSICAL,PDL,0.0,Historical
2024-09-01,OH,DIGITAL,ILP,1634.0,Historical
2024-09-01,OH,DIGITAL,PDL,0.0,Historical
2024-09-01,OH,PHYSICAL,ILP,4830.0,Historical
2024-09-01,OH,PHYSICAL,PDL,0.0,Historical
2024-09-01,OK,DIGITAL,ILP,950.0,Historical
2024-09-01,OK,PHYSICAL,ILP,2149.0,Historical
2024-09-01,OK,PHYSICAL,PDL,0.0,Historical
2024-09-01,RI,DIGITAL,PDL,767.0,Historical
2024-09-01,RI,PHYSICAL,PDL,6528.0,Historical
2024-09-01,SC,DIGITAL,PDL,0.0,Historical
2024-09-01,SC,PHYSICAL,PDL,0.0,Historical
2024-09-01,TN,DIGITAL,ILP,0.0,Historical
2024-09-01,TN,DIGITAL,PDL,179.0,Historical
2024-09-01,TN,PHYSICAL,ILP,0.0,Historical
2024-09-01,TN,PHYSICAL,PDL,517.0,Historical
2024-09-01,TX,DIGITAL,ILP,3030.0,Historical
2024-09-01,TX,DIGITAL,PDL,1563.0,Historical
2024-09-01,TX,PHYSICAL,ILP,9232.0,Historical
2024-09-01,TX,PHYSICAL,PDL,1171.0,Historical
2024-09-01,UT,DIGITAL,ILP,46.0,Historical
2024-09-01,UT,DIGITAL,PDL,0.0,Historical
2024-09-01,UT,PHYSICAL,ILP,19.0,Historical
2024-09-01,UT,PHYSICAL,PDL,0.0,Historical
2024-09-01,WI,DIGITAL,ILP,288.0,Historical
2024-09-01,WI,DIGITAL,PDL,0.0,Historical
2024-09-01,WI,PHYSICAL,ILP,576.0,Historical
2024-09-01,WI,PHYSICAL,PDL,0.0,Historical
2024-09-01,WY,DIGITAL,PDL,563.0,Historical
2024-09-01,WY,PHYSICAL,ILP,0.0,Historical
2024-09-01,WY,PHYSICAL,PDL,2653.0,Historical
2024-10-01,AL,DIGITAL,ILP,1080.0,Historical
2024-10-01,AL,DIGITAL,PDL,0.0,Historical
2024-10-01,AL,PHYSICAL,ILP,4981.0,Historical
2024-10-01,AL,PHYSICAL,PDL,0.0,Historical
2024-10-01,CA,DIGITAL,ILP,0.0,Historical
2024-10-01,CA,DIGITAL,PDL,18311.0,Historical
2024-10-01,CA,PHYSICAL,ILP,0.0,Historical
2024-10-01,CA,PHYSICAL,PDL,62675.0,Historical
2024-10-01,CO,DIGITAL,ILP,0.0,Historical
2024-10-01,CO,DIGITAL,PDL,0.0,Historical
2024-10-01,CO,PHYSICAL,ILP,0.0,Historical
2024-10-01,CO,PHYSICAL,PDL,0.0,Historical
2024-10-01,DE,DIGITAL,ILP,82.0,Historical
2024-10-01,DE,PHYSICAL,ILP,228.0,Historical
2024-10-01,FL,DIGITAL,ILP,5559.0,Historical
2024-10-01,FL,DIGITAL,PDL,3060.0,Historical
2024-10-01,FL,PHYSICAL,ILP,22195.0,Historical
2024-10-01,FL,PHYSICAL,PDL,19598.0,Historical
2024-10-01,IA,DIGITAL,PDL,1933.0,Historical
2024-10-01,IA,PHYSICAL,ILP,0.0,Historical
2024-10-01,IA,PHYSICAL,PDL,9959.0,Historical
2024-10-01,ID,DIGITAL,ILP,45.0,Historical
2024-10-01,ID,PHYSICAL,ILP,81.0,Historical
2024-10-01,ID,PHYSICAL,PDL,0.0,Historical
2024-10-01,IN,DIGITAL,PDL,2740.0,Historical
2024-10-01,IN,PHYSICAL,PDL,15100.0,Historical
2024-10-01,KS,DIGITAL,ILP,0.0,Historical
2024-10-01,KS,DIGITAL,PDL,84.0,Historical
2024-10-01,KS,PHYSICAL,ILP,0.0,Historical
2024-10-01,KS,PHYSICAL,PDL,495.0,Historical
2024-10-01,KY,DIGITAL,PDL,667.0,Historical
2024-10-01,KY,PHYSICAL,ILP,0.0,Historical
2024-10-01,KY,PHYSICAL,PDL,8671.0,Historical
2024-10-01,KY,UNKNOWN,PDL,0.0,Historical
2024-10-01,LA,DIGITAL,PDL,2422.0,Historical
2024-10-01,LA,PHYSICAL,ILP,0.0,Historical
2024-10-01,LA,PHYSICAL,PDL,12916.0,Historical
2024-10-01,MI,DIGITAL,ILP,0.0,Historical
2024-10-01,MI,DIGITAL,PDL,12725.0,Historical
2024-10-01,MI,PHYSICAL,ILP,0.0,Historical
2024-10-01,MI,PHYSICAL,PDL,47667.0,Historical
2024-10-01,MI,UNKNOWN,PDL,0.0,Historical
2024-10-01,MO,DIGITAL,ILP,479.0,Historical
2024-10-01,MO,DIGITAL,PDL,0.0,Historical
2024-10-01,MO,PHYSICAL,ILP,1415.0,Historical
2024-10-01,MO,PHYSICAL,PDL,0.0,Historical
2024-10-01,MS,DIGITAL,ILP,664.0,Historical
2024-10-01,MS,DIGITAL,PDL,123.0,Historical
2024-10-01,MS,PHYSICAL,ILP,3271.0,Historical
2024-10-01,MS,PHYSICAL,PDL,818.0,Historical
2024-10-01,MS,UNKNOWN,PDL,0.0,Historical
2024-10-01,NV,DIGITAL,ILP,196.0,Historical
2024-10-01,NV,DIGITAL,PDL,0.0,Historical
2024-10-01,NV,PHYSICAL,ILP,565.0,Historical
2024-10-01,NV,PHYSICAL,PDL,0.0,Historical
2024-10-01,OH,DIGITAL,ILP,1820.0,Historical
2024-10-01,OH,DIGITAL,PDL,0.0,Historical
2024-10-01,OH,PHYSICAL,ILP,5423.0,Historical
2024-10-01,OH,PHYSICAL,PDL,0.0,Historical
2024-10-01,OK,DIGITAL,ILP,1101.0,Historical
2024-10-01,OK,PHYSICAL,ILP,2363.0,Historical
2024-10-01,OK,PHYSICAL,PDL,0.0,Historical
2024-10-01,RI,DIGITAL,PDL,828.0,Historical
2024-10-01,RI,PHYSICAL,PDL,7599.0,Historical
2024-10-01,SC,DIGITAL,PDL,0.0,Historical
2024-10-01,SC,PHYSICAL,PDL,0.0,Historical
2024-10-01,TN,DIGITAL,ILP,0.0,Historical
2024-10-01,TN,DIGITAL,PDL,167.0,Historical
2024-10-01,TN,PHYSICAL,ILP,0.0,Historical
2024-10-01,TN,PHYSICAL,PDL,628.0,Historical
2024-10-01,TX,DIGITAL,ILP,3399.0,Historical
2024-10-01,TX,DIGITAL,PDL,1523.0,Historical
2024-10-01,TX,PHYSICAL,ILP,10591.0,Historical
2024-10-01,TX,PHYSICAL,PDL,1159.0,Historical
2024-10-01,UT,DIGITAL,ILP,59.0,Historical
2024-10-01,UT,DIGITAL,PDL,0.0,Historical
2024-10-01,UT,PHYSICAL,ILP,31.0,Historical
2024-10-01,UT,PHYSICAL,PDL,0.0,Historical
2024-10-01,WI,DIGITAL,ILP,317.0,Historical
2024-10-01,WI,DIGITAL,PDL,0.0,Historical
2024-10-01,WI,PHYSICAL,ILP,636.0,Historical
2024-10-01,WI,PHYSICAL,PDL,0.0,Historical
2024-10-01,WY,DIGITAL,PDL,611.0,Historical
2024-10-01,WY,PHYSICAL,ILP,0.0,Historical
2024-10-01,WY,PHYSICAL,PDL,2957.0,Historical
2024-11-01,AL,DIGITAL,ILP,1053.0,Historical
2024-11-01,AL,DIGITAL,PDL,0.0,Historical
2024-11-01,AL,PHYSICAL,ILP,4591.0,Historical
2024-11-01,AL,PHYSICAL,PDL,0.0,Historical
2024-11-01,CA,DIGITAL,ILP,0.0,Historical
2024-11-01,CA,DIGITAL,PDL,18262.0,Historical
2024-11-01,CA,PHYSICAL,ILP,0.0,Historical
2024-11-01,CA,PHYSICAL,PDL,63385.0,Historical
2024-11-01,CO,DIGITAL,ILP,0.0,Historical
2024-11-01,CO,DIGITAL,PDL,0.0,Historical
2024-11-01,CO,PHYSICAL,ILP,0.0,Historical
2024-11-01,CO,PHYSICAL,PDL,0.0,Historical
2024-11-01,DE,DIGITAL,ILP,73.0,Historical
2024-11-01,DE,PHYSICAL,ILP,230.0,Historical
2024-11-01,FL,DIGITAL,ILP,5628.0,Historical
2024-11-01,FL,DIGITAL,PDL,3119.0,Historical
2024-11-01,FL,PHYSICAL,ILP,23082.0,Historical
2024-11-01,FL,PHYSICAL,PDL,19783.0,Historical
2024-11-01,IA,DIGITAL,PDL,2076.0,Historical
2024-11-01,IA,PHYSICAL,ILP,0.0,Historical
2024-11-01,IA,PHYSICAL,PDL,10150.0,Historical
2024-11-01,ID,DIGITAL,ILP,59.0,Historical
2024-11-01,ID,PHYSICAL,ILP,66.0,Historical
2024-11-01,ID,PHYSICAL,PDL,0.0,Historical
2024-11-01,IN,DIGITAL,PDL,2694.0,Historical
2024-11-01,IN,PHYSICAL,PDL,15250.0,Historical
2024-11-01,KS,DIGITAL,ILP,0.0,Historical
2024-11-01,KS,DIGITAL,PDL,61.0,Historical
2024-11-01,KS,PHYSICAL,ILP,0.0,Historical
2024-11-01,KS,PHYSICAL,PDL,435.0,Historical
2024-11-01,KY,DIGITAL,PDL,672.0,Historical
2024-11-01,KY,PHYSICAL,ILP,0.0,Historical
2024-11-01,KY,PHYSICAL,PDL,8775.0,Historical
2024-11-01,KY,UNKNOWN,PDL,0.0,Historical
2024-11-01,LA,DIGITAL,PDL,2456.0,Historical
2024-11-01,LA,PHYSICAL,ILP,0.0,Historical
2024-11-01,LA,PHYSICAL,PDL,13030.0,Historical
2024-11-01,MI,DIGITAL,ILP,0.0,Historical
2024-11-01,MI,DIGITAL,PDL,12824.0,Historical
2024-11-01,MI,PHYSICAL,ILP,0.0,Historical
2024-11-01,MI,PHYSICAL,PDL,49598.0,Historical
2024-11-01,MI,UNKNOWN,PDL,0.0,Historical
2024-11-01,MO,DIGITAL,ILP,476.0,Historical
2024-11-01,MO,DIGITAL,PDL,0.0,Historical
2024-11-01,MO,PHYSICAL,ILP,1341.0,Historical
2024-11-01,MO,PHYSICAL,PDL,0.0,Historical
2024-11-01,MS,DIGITAL,ILP,606.0,Historical
2024-11-01,MS,DIGITAL,PDL,105.0,Historical
2024-11-01,MS,PHYSICAL,ILP,3067.0,Historical
2024-11-01,MS,PHYSICAL,PDL,781.0,Historical
2024-11-01,MS,UNKNOWN,PDL,0.0,Historical
2024-11-01,NV,DIGITAL,ILP,173.0,Historical
2024-11-01,NV,DIGITAL,PDL,0.0,Historical
2024-11-01,NV,PHYSICAL,ILP,556.0,Historical
2024-11-01,NV,PHYSICAL,PDL,0.0,Historical
2024-11-01,OH,DIGITAL,ILP,1784.0,Historical
2024-11-01,OH,DIGITAL,PDL,0.0,Historical
2024-11-01,OH,PHYSICAL,ILP,5533.0,Historical
2024-11-01,OH,PHYSICAL,PDL,0.0,Historical
2024-11-01,OK,DIGITAL,ILP,956.0,Historical
2024-11-01,OK,PHYSICAL,ILP,2268.0,Historical
2024-11-01,OK,PHYSICAL,PDL,0.0,Historical
2024-11-01,RI,DIGITAL,PDL,863.0,Historical
2024-11-01,RI,PHYSICAL,PDL,7497.0,Historical
2024-11-01,SC,DIGITAL,PDL,0.0,Historical
2024-11-01,SC,PHYSICAL,PDL,0.0,Historical
2024-11-01,TN,DIGITAL,ILP,0.0,Historical
2024-11-01,TN,DIGITAL,PDL,177.0,Historical
2024-11-01,TN,PHYSICAL,ILP,0.0,Historical
2024-11-01,TN,PHYSICAL,PDL,630.0,Historical
2024-11-01,TX,DIGITAL,ILP,3223.0,Historical
2024-11-01,TX,DIGITAL,PDL,1524.0,Historical
2024-11-01,TX,PHYSICAL,ILP,10107.0,Historical
2024-11-01,TX,PHYSICAL,PDL,1126.0,Historical
2024-11-01,UT,DIGITAL,ILP,36.0,Historical
2024-11-01,UT,DIGITAL,PDL,0.0,Historical
2024-11-01,UT,PHYSICAL,ILP,30.0,Historical
2024-11-01,UT,PHYSICAL,PDL,0.0,Historical
2024-11-01,WI,DIGITAL,ILP,328.0,Historical
2024-11-01,WI,DIGITAL,PDL,0.0,Historical
2024-11-01,WI,PHYSICAL,ILP,629.0,Historical
2024-11-01,WI,PHYSICAL,PDL,0.0,Historical
2024-11-01,WY,DIGITAL,PDL,589.0,Historical
2024-11-01,WY,PHYSICAL,ILP,0.0,Historical
2024-11-01,WY,PHYSICAL,PDL,2885.0,Historical
2024-12-01,AL,DIGITAL,ILP,1144.0,Historical
2024-12-01,AL,DIGITAL,PDL,0.0,Historical
2024-12-01,AL,PHYSICAL,ILP,5188.0,Historical
2024-12-01,AL,PHYSICAL,PDL,0.0,Historical
2024-12-01,CA,DIGITAL,ILP,0.0,Historical
2024-12-01,CA,DIGITAL,PDL,18772.0,Historical
2024-12-01,CA,PHYSICAL,ILP,0.0,Historical
2024-12-01,CA,PHYSICAL,PDL,62064.0,Historical
2024-12-01,CO,DIGITAL,ILP,0.0,Historical
2024-12-01,CO,DIGITAL,PDL,0.0,Historical
2024-12-01,CO,PHYSICAL,ILP,0.0,Historical
2024-12-01,CO,PHYSICAL,PDL,0.0,Historical
2024-12-01,DE,DIGITAL,ILP,100.0,Historical
2024-12-01,DE,PHYSICAL,ILP,242.0,Historical
2024-12-01,FL,DIGITAL,ILP,6243.0,Historical
2024-12-01,FL,DIGITAL,PDL,2945.0,Historical
2024-12-01,FL,PHYSICAL,ILP,24879.0,Historical
2024-12-01,FL,PHYSICAL,PDL,17777.0,Historical
2024-12-01,IA,DIGITAL,PDL,1974.0,Historical
2024-12-01,IA,PHYSICAL,ILP,0.0,Historical
2024-12-01,IA,PHYSICAL,PDL,9568.0,Historical
2024-12-01,ID,DIGITAL,ILP,61.0,Historical
2024-12-01,ID,PHYSICAL,ILP,99.0,Historical
2024-12-01,ID,PHYSICAL,PDL,0.0,Historical
2024-12-01,IN,DIGITAL,PDL,2743.0,Historical
2024-12-01,IN,PHYSICAL,PDL,15013.0,Historical
2024-12-01,KS,DIGITAL,ILP,0.0,Historical
2024-12-01,KS,DIGITAL,PDL,47.0,Historical
2024-12-01,KS,PHYSICAL,ILP,0.0,Historical
2024-12-01,KS,PHYSICAL,PDL,336.0,Historical
2024-12-01,KY,DIGITAL,PDL,665.0,Historical
2024-12-01,KY,PHYSICAL,ILP,0.0,Historical
2024-12-01,KY,PHYSICAL,PDL,8640.0,Historical
2024-12-01,KY,UNKNOWN,PDL,0.0,Historical
2024-12-01,LA,DIGITAL,PDL,2496.0,Historical
2024-12-01,LA,PHYSICAL,ILP,0.0,Historical
2024-12-01,LA,PHYSICAL,PDL,13040.0,Historical
2024-12-01,MI,DIGITAL,ILP,0.0,Historical
2024-12-01,MI,DIGITAL,PDL,12773.0,Historical
2024-12-01,MI,PHYSICAL,ILP,0.0,Historical
2024-12-01,MI,PHYSICAL,PDL,47297.0,Historical
2024-12-01,MI,UNKNOWN,PDL,0.0,Historical
2024-12-01,MO,DIGITAL,ILP,520.0,Historical
2024-12-01,MO,DIGITAL,PDL,0.0,Historical
2024-12-01,MO,PHYSICAL,ILP,1549.0,Historical
2024-12-01,MO,PHYSICAL,PDL,0.0,Historical
2024-12-01,MS,DIGITAL,ILP,741.0,Historical
2024-12-01,MS,DIGITAL,PDL,142.0,Historical
2024-12-01,MS,PHYSICAL,ILP,3425.0,Historical
2024-12-01,MS,PHYSICAL,PDL,760.0,Historical
2024-12-01,MS,UNKNOWN,PDL,0.0,Historical
2024-12-01,NV,DIGITAL,ILP,219.0,Historical
2024-12-01,NV,DIGITAL,PDL,0.0,Historical
2024-12-01,NV,PHYSICAL,ILP,600.0,Historical
2024-12-01,NV,PHYSICAL,PDL,0.0,Historical
2024-12-01,OH,DIGITAL,ILP,2043.0,Historical
2024-12-01,OH,DIGITAL,PDL,0.0,Historical
2024-12-01,OH,PHYSICAL,ILP,6690.0,Historical
2024-12-01,OH,PHYSICAL,PDL,0.0,Historical
2024-12-01,OK,DIGITAL,ILP,1085.0,Historical
2024-12-01,OK,PHYSICAL,ILP,2517.0,Historical
2024-12-01,OK,PHYSICAL,PDL,0.0,Historical
2024-12-01,RI,DIGITAL,PDL,862.0,Historical
2024-12-01,RI,PHYSICAL,PDL,7110.0,Historical
2024-12-01,SC,DIGITAL,PDL,0.0,Historical
2024-12-01,SC,PHYSICAL,PDL,0.0,Historical
2024-12-01,TN,DIGITAL,ILP,0.0,Historical
2024-12-01,TN,DIGITAL,PDL,173.0,Historical
2024-12-01,TN,PHYSICAL,ILP,0.0,Historical
2024-12-01,TN,PHYSICAL,PDL,600.0,Historical
2024-12-01,TX,DIGITAL,ILP,3744.0,Historical
2024-12-01,TX,DIGITAL,PDL,1558.0,Historical
2024-12-01,TX,PHYSICAL,ILP,10681.0,Historical
2024-12-01,TX,PHYSICAL,PDL,1044.0,Historical
2024-12-01,UT,DIGITAL,ILP,44.0,Historical
2024-12-01,UT,DIGITAL,PDL,0.0,Historical
2024-12-01,UT,PHYSICAL,ILP,26.0,Historical
2024-12-01,UT,PHYSICAL,PDL,0.0,Historical
2024-12-01,WI,DIGITAL,ILP,340.0,Historical
2024-12-01,WI,DIGITAL,PDL,0.0,Historical
2024-12-01,WI,PHYSICAL,ILP,674.0,Historical
2024-12-01,WI,PHYSICAL,PDL,0.0,Historical
2024-12-01,WY,DIGITAL,PDL,660.0,Historical
2024-12-01,WY,PHYSICAL,ILP,0.0,Historical
2024-12-01,WY,PHYSICAL,PDL,2958.0,Historical
2025-01-01,AL,DIGITAL,ILP,950.0,Historical
2025-01-01,AL,DIGITAL,PDL,0.0,Historical
2025-01-01,AL,PHYSICAL,ILP,4184.0,Historical
2025-01-01,AL,PHYSICAL,PDL,0.0,Historical
2025-01-01,CA,DIGITAL,ILP,0.0,Historical
2025-01-01,CA,DIGITAL,PDL,19330.0,Historical
2025-01-01,CA,PHYSICAL,ILP,0.0,Historical
2025-01-01,CA,PHYSICAL,PDL,64578.0,Historical
2025-01-01,CO,DIGITAL,ILP,0.0,Historical
2025-01-01,CO,DIGITAL,PDL,0.0,Historical
2025-01-01,CO,PHYSICAL,ILP,0.0,Historical
2025-01-01,CO,PHYSICAL,PDL,0.0,Historical
2025-01-01,DE,DIGITAL,ILP,85.0,Historical
2025-01-01,DE,PHYSICAL,ILP,220.0,Historical
2025-01-01,FL,DIGITAL,ILP,5574.0,Historical
2025-01-01,FL,DIGITAL,PDL,2944.0,Historical
2025-01-01,FL,PHYSICAL,ILP,22106.0,Historical
2025-01-01,FL,PHYSICAL,PDL,18231.0,Historical
2025-01-01,IA,DIGITAL,PDL,2029.0,Historical
2025-01-01,IA,PHYSICAL,ILP,0.0,Historical
2025-01-01,IA,PHYSICAL,PDL,9790.0,Historical
2025-01-01,ID,DIGITAL,ILP,47.0,Historical
2025-01-01,ID,PHYSICAL,ILP,77.0,Historical
2025-01-01,ID,PHYSICAL,PDL,0.0,Historical
2025-01-01,IN,DIGITAL,PDL,2845.0,Historical
2025-01-01,IN,PHYSICAL,PDL,15532.0,Historical
2025-01-01,KS,DIGITAL,ILP,0.0,Historical
2025-01-01,KS,DIGITAL,PDL,36.0,Historical
2025-01-01,KS,PHYSICAL,ILP,0.0,Historical
2025-01-01,KS,PHYSICAL,PDL,257.0,Historical
2025-01-01,KY,DIGITAL,PDL,760.0,Historical
2025-01-01,KY,PHYSICAL,ILP,0.0,Historical
2025-01-01,KY,PHYSICAL,PDL,9039.0,Historical
2025-01-01,KY,UNKNOWN,PDL,0.0,Historical
2025-01-01,LA,DIGITAL,PDL,2581.0,Historical
2025-01-01,LA,PHYSICAL,ILP,0.0,Historical
2025-01-01,LA,PHYSICAL,PDL,13995.0,Historical
2025-01-01,MI,DIGITAL,ILP,0.0,Historical
2025-01-01,MI,DIGITAL,PDL,13474.0,Historical
2025-01-01,MI,PHYSICAL,ILP,0.0,Historical
2025-01-01,MI,PHYSICAL,PDL,49795.0,Historical
2025-01-01,MI,UNKNOWN,PDL,0.0,Historical
2025-01-01,MO,DIGITAL,ILP,438.0,Historical
2025-01-01,MO,DIGITAL,PDL,0.0,Historical
2025-01-01,MO,PHYSICAL,ILP,1225.0,Historical
2025-01-01,MO,PHYSICAL,PDL,0.0,Historical
2025-01-01,MS,DIGITAL,ILP,610.0,Historical
2025-01-01,MS,DIGITAL,PDL,130.0,Historical
2025-01-01,MS,PHYSICAL,ILP,2722.0,Historical
2025-01-01,MS,PHYSICAL,PDL,668.0,Historical
2025-01-01,MS,UNKNOWN,PDL,0.0,Historical
2025-01-01,NV,DIGITAL,ILP,191.0,Historical
2025-01-01,NV,DIGITAL,PDL,0.0,Historical
2025-01-01,NV,PHYSICAL,ILP,513.0,Historical
2025-01-01,NV,PHYSICAL,PDL,0.0,Historical
2025-01-01,OH,DIGITAL,ILP,1336.0,Historical
2025-01-01,OH,DIGITAL,PDL,0.0,Historical
2025-01-01,OH,PHYSICAL,ILP,4433.0,Historical
2025-01-01,OH,PHYSICAL,PDL,0.0,Historical
2025-01-01,OK,DIGITAL,ILP,960.0,Historical
2025-01-01,OK,PHYSICAL,ILP,2080.0,Historical
2025-01-01,OK,PHYSICAL,PDL,0.0,Historical
2025-01-01,RI,DIGITAL,PDL,915.0,Historical
2025-01-01,RI,PHYSICAL,PDL,7681.0,Historical
2025-01-01,SC,DIGITAL,PDL,0.0,Historical
2025-01-01,SC,PHYSICAL,PDL,0.0,Historical
2025-01-01,TN,DIGITAL,ILP,0.0,Historical
2025-01-01,TN,DIGITAL,PDL,179.0,Historical
2025-01-01,TN,PHYSICAL,ILP,0.0,Historical
2025-01-01,TN,PHYSICAL,PDL,632.0,Historical
2025-01-01,TX,DIGITAL,ILP,3842.0,Historical
2025-01-01,TX,DIGITAL,PDL,1545.0,Historical
2025-01-01,TX,PHYSICAL,ILP,10268.0,Historical
2025-01-01,TX,PHYSICAL,PDL,1068.0,Historical
2025-01-01,UT,DIGITAL,ILP,47.0,Historical
2025-01-01,UT,DIGITAL,PDL,0.0,Historical
2025-01-01,UT,PHYSICAL,ILP,16.0,Historical
2025-01-01,UT,PHYSICAL,PDL,0.0,Historical
2025-01-01,WI,DIGITAL,ILP,369.0,Historical
2025-01-01,WI,DIGITAL,PDL,0.0,Historical
2025-01-01,WI,PHYSICAL,ILP,591.0,Historical
2025-01-01,WI,PHYSICAL,PDL,0.0,Historical
2025-01-01,WY,DIGITAL,PDL,668.0,Historical
2025-01-01,WY,PHYSICAL,ILP,0.0,Historical
2025-01-01,WY,PHYSICAL,PDL,3033.0,Historical
2025-02-01,AL,DIGITAL,ILP,846.0,Historical
2025-02-01,AL,DIGITAL,PDL,0.0,Historical
2025-02-01,AL,PHYSICAL,ILP,3608.0,Historical
2025-02-01,AL,PHYSICAL,PDL,0.0,Historical
2025-02-01,CA,DIGITAL,ILP,0.0,Historical
2025-02-01,CA,DIGITAL,PDL,16441.0,Historical
2025-02-01,CA,PHYSICAL,ILP,0.0,Historical
2025-02-01,CA,PHYSICAL,PDL,56359.0,Historical
2025-02-01,CO,DIGITAL,ILP,0.0,Historical
2025-02-01,CO,DIGITAL,PDL,0.0,Historical
2025-02-01,CO,PHYSICAL,ILP,0.0,Historical
2025-02-01,CO,PHYSICAL,PDL,0.0,Historical
2025-02-01,DE,DIGITAL,ILP,67.0,Historical
2025-02-01,DE,PHYSICAL,ILP,196.0,Historical
2025-02-01,FL,DIGITAL,ILP,4926.0,Historical
2025-02-01,FL,DIGITAL,PDL,2525.0,Historical
2025-02-01,FL,PHYSICAL,ILP,20076.0,Historical
2025-02-01,FL,PHYSICAL,PDL,16678.0,Historical
2025-02-01,FL,UNKNOWN,ILP,1.0,Historical
2025-02-01,IA,DIGITAL,PDL,1754.0,Historical
2025-02-01,IA,PHYSICAL,ILP,0.0,Historical
2025-02-01,IA,PHYSICAL,PDL,8568.0,Historical
2025-02-01,ID,DIGITAL,ILP,30.0,Historical
2025-02-01,ID,PHYSICAL,ILP,58.0,Historical
2025-02-01,ID,PHYSICAL,PDL,0.0,Historical
2025-02-01,IN,DIGITAL,PDL,2429.0,Historical
2025-02-01,IN,PHYSICAL,PDL,12933.0,Historical
2025-02-01,KS,DIGITAL,ILP,0.0,Historical
2025-02-01,KS,DIGITAL,PDL,0.0,Historical
2025-02-01,KS,PHYSICAL,ILP,0.0,Historical
2025-02-01,KS,PHYSICAL,PDL,0.0,Historical
2025-02-01,KY,DIGITAL,PDL,632.0,Historical
2025-02-01,KY,PHYSICAL,ILP,0.0,Historical
2025-02-01,KY,PHYSICAL,PDL,7552.0,Historical
2025-02-01,KY,UNKNOWN,PDL,0.0,Historical
2025-02-01,LA,DIGITAL,PDL,2201.0,Historical
2025-02-01,LA,PHYSICAL,ILP,0.0,Historical
2025-02-01,LA,PHYSICAL,PDL,12366.0,Historical
2025-02-01,MI,DIGITAL,ILP,0.0,Historical
2025-02-01,MI,DIGITAL,PDL,11132.0,Historical
2025-02-01,MI,PHYSICAL,ILP,0.0,Historical
2025-02-01,MI,PHYSICAL,PDL,41030.0,Historical
2025-02-01,MI,UNKNOWN,PDL,0.0,Historical
2025-02-01,MO,DIGITAL,ILP,398.0,Historical
2025-02-01,MO,DIGITAL,PDL,0.0,Historical
2025-02-01,MO,PHYSICAL,ILP,1063.0,Historical
2025-02-01,MO,PHYSICAL,PDL,0.0,Historical
2025-02-01,MS,DIGITAL,ILP,518.0,Historical
2025-02-01,MS,DIGITAL,PDL,112.0,Historical
2025-02-01,MS,PHYSICAL,ILP,2352.0,Historical
2025-02-01,MS,PHYSICAL,PDL,550.0,Historical
2025-02-01,MS,UNKNOWN,PDL,0.0,Historical
2025-02-01,NV,DIGITAL,ILP,172.0,Historical
2025-02-01,NV,DIGITAL,PDL,0.0,Historical
2025-02-01,NV,PHYSICAL,ILP,509.0,Historical
2025-02-01,NV,PHYSICAL,PDL,0.0,Historical
2025-02-01,OH,DIGITAL,ILP,1317.0,Historical
2025-02-01,OH,DIGITAL,PDL,0.0,Historical
2025-02-01,OH,PHYSICAL,ILP,4157.0,Historical
2025-02-01,OH,PHYSICAL,PDL,0.0,Historical
2025-02-01,OK,DIGITAL,ILP,751.0,Historical
2025-02-01,OK,PHYSICAL,ILP,1718.0,Historical
2025-02-01,OK,PHYSICAL,PDL,0.0,Historical
2025-02-01,RI,DIGITAL,PDL,807.0,Historical
2025-02-01,RI,PHYSICAL,PDL,6562.0,Historical
2025-02-01,SC,DIGITAL,PDL,0.0,Historical
2025-02-01,SC,PHYSICAL,PDL,0.0,Historical
2025-02-01,TN,DIGITAL,ILP,0.0,Historical
2025-02-01,TN,DIGITAL,PDL,141.0,Historical
2025-02-01,TN,PHYSICAL,ILP,0.0,Historical
2025-02-01,TN,PHYSICAL,PDL,519.0,Historical
2025-02-01,TX,DIGITAL,ILP,3219.0,Historical
2025-02-01,TX,DIGITAL,PDL,1154.0,Historical
2025-02-01,TX,PHYSICAL,ILP,8532.0,Historical
2025-02-01,TX,PHYSICAL,PDL,843.0,Historical
2025-02-01,UT,DIGITAL,ILP,41.0,Historical
2025-02-01,UT,DIGITAL,PDL,0.0,Historical
2025-02-01,UT,PHYSICAL,ILP,21.0,Historical
2025-02-01,UT,PHYSICAL,PDL,0.0,Historical
2025-02-01,WI,DIGITAL,ILP,289.0,Historical
2025-02-01,WI,DIGITAL,PDL,0.0,Historical
2025-02-01,WI,PHYSICAL,ILP,451.0,Historical
2025-02-01,WI,PHYSICAL,PDL,0.0,Historical
2025-02-01,WY,DIGITAL,PDL,531.0,Historical
2025-02-01,WY,PHYSICAL,ILP,0.0,Historical
2025-02-01,WY,PHYSICAL,PDL,2533.0,Historical
2025-03-01,AL,DIGITAL,ILP,863.0,Historical
2025-03-01,AL,DIGITAL,PDL,0.0,Historical
2025-03-01,AL,PHYSICAL,ILP,4013.0,Historical
2025-03-01,AL,PHYSICAL,PDL,0.0,Historical
2025-03-01,CA,DIGITAL,ILP,0.0,Historical
2025-03-01,CA,DIGITAL,PDL,16688.0,Historical
2025-03-01,CA,PHYSICAL,ILP,0.0,Historical
2025-03-01,CA,PHYSICAL,PDL,54160.0,Historical
2025-03-01,CO,DIGITAL,ILP,0.0,Historical
2025-03-01,CO,DIGITAL,PDL,0.0,Historical
2025-03-01,CO,PHYSICAL,ILP,0.0,Historical
2025-03-01,CO,PHYSICAL,PDL,0.0,Historical
2025-03-01,DE,DIGITAL,ILP,80.0,Historical
2025-03-01,DE,PHYSICAL,ILP,209.0,Historical
2025-03-01,FL,DIGITAL,ILP,5386.0,Historical
2025-03-01,FL,DIGITAL,PDL,2447.0,Historical
2025-03-01,FL,PHYSICAL,ILP,21605.0,Historical
2025-03-01,FL,PHYSICAL,PDL,16807.0,Historical
2025-03-01,FL,UNKNOWN,ILP,0.0,Historical
2025-03-01,IA,DIGITAL,PDL,1817.0,Historical
2025-03-01,IA,PHYSICAL,ILP,0.0,Historical
2025-03-01,IA,PHYSICAL,PDL,8901.0,Historical
2025-03-01,ID,DIGITAL,ILP,51.0,Historical
2025-03-01,ID,PHYSICAL,ILP,60.0,Historical
2025-03-01,ID,PHYSICAL,PDL,0.0,Historical
2025-03-01,IN,DIGITAL,PDL,2330.0,Historical
2025-03-01,IN,PHYSICAL,PDL,12274.0,Historical
2025-03-01,KS,DIGITAL,ILP,0.0,Historical
2025-03-01,KS,DIGITAL,PDL,0.0,Historical
2025-03-01,KS,PHYSICAL,ILP,0.0,Historical
2025-03-01,KS,PHYSICAL,PDL,0.0,Historical
2025-03-01,KY,DIGITAL,PDL,675.0,Historical
2025-03-01,KY,PHYSICAL,ILP,0.0,Historical
2025-03-01,KY,PHYSICAL,PDL,7203.0,Historical
2025-03-01,KY,UNKNOWN,PDL,0.0,Historical
2025-03-01,LA,DIGITAL,PDL,2155.0,Historical
2025-03-01,LA,PHYSICAL,ILP,0.0,Historical
2025-03-01,LA,PHYSICAL,PDL,11320.0,Historical
2025-03-01,MI,DIGITAL,ILP,0.0,Historical
2025-03-01,MI,DIGITAL,PDL,11139.0,Historical
2025-03-01,MI,PHYSICAL,ILP,0.0,Historical
2025-03-01,MI,PHYSICAL,PDL,41920.0,Historical
2025-03-01,MI,UNKNOWN,PDL,0.0,Historical
2025-03-01,MO,DIGITAL,ILP,476.0,Historical
2025-03-01,MO,DIGITAL,PDL,0.0,Historical
2025-03-01,MO,PHYSICAL,ILP,1188.0,Historical
2025-03-01,MO,PHYSICAL,PDL,0.0,Historical
2025-03-01,MS,DIGITAL,ILP,586.0,Historical
2025-03-01,MS,DIGITAL,PDL,105.0,Historical
2025-03-01,MS,PHYSICAL,ILP,2391.0,Historical
2025-03-01,MS,PHYSICAL,PDL,430.0,Historical
2025-03-01,MS,UNKNOWN,PDL,0.0,Historical
2025-03-01,NV,DIGITAL,ILP,183.0,Historical
2025-03-01,NV,DIGITAL,PDL,0.0,Historical
2025-03-01,NV,PHYSICAL,ILP,484.0,Historical
2025-03-01,NV,PHYSICAL,PDL,0.0,Historical
2025-03-01,OH,DIGITAL,ILP,1580.0,Historical
2025-03-01,OH,DIGITAL,PDL,0.0,Historical
2025-03-01,OH,PHYSICAL,ILP,4400.0,Historical
2025-03-01,OH,PHYSICAL,PDL,0.0,Historical
2025-03-01,OK,DIGITAL,ILP,875.0,Historical
2025-03-01,OK,PHYSICAL,ILP,2103.0,Historical
2025-03-01,OK,PHYSICAL,PDL,0.0,Historical
2025-03-01,RI,DIGITAL,PDL,754.0,Historical
2025-03-01,RI,PHYSICAL,PDL,6078.0,Historical
2025-03-01,SC,DIGITAL,PDL,0.0,Historical
2025-03-01,SC,PHYSICAL,PDL,0.0,Historical
2025-03-01,TN,DIGITAL,ILP,0.0,Historical
2025-03-01,TN,DIGITAL,PDL,148.0,Historical
2025-03-01,TN,PHYSICAL,ILP,0.0,Historical
2025-03-01,TN,PHYSICAL,PDL,448.0,Historical
2025-03-01,TX,DIGITAL,ILP,2558.0,Historical
2025-03-01,TX,DIGITAL,PDL,1025.0,Historical
2025-03-01,TX,PHYSICAL,ILP,6466.0,Historical
2025-03-01,TX,PHYSICAL,PDL,720.0,Historical
2025-03-01,UT,DIGITAL,ILP,45.0,Historical
2025-03-01,UT,DIGITAL,PDL,0.0,Historical
2025-03-01,UT,PHYSICAL,ILP,21.0,Historical
2025-03-01,UT,PHYSICAL,PDL,0.0,Historical
2025-03-01,WI,DIGITAL,ILP,303.0,Historical
2025-03-01,WI,DIGITAL,PDL,0.0,Historical
2025-03-01,WI,PHYSICAL,ILP,521.0,Historical
2025-03-01,WI,PHYSICAL,PDL,0.0,Historical
2025-03-01,WY,DIGITAL,PDL,596.0,Historical
2025-03-01,WY,PHYSICAL,ILP,0.0,Historical
2025-03-01,WY,PHYSICAL,PDL,2604.0,Historical
2025-04-01,AL,DIGITAL,ILP,902.0,Historical
2025-04-01,AL,DIGITAL,PDL,0.0,Historical
2025-04-01,AL,PHYSICAL,ILP,4513.0,Historical
2025-04-01,AL,PHYSICAL,PDL,0.0,Historical
2025-04-01,CA,DIGITAL,ILP,0.0,Historical
2025-04-01,CA,DIGITAL,PDL,16858.0,Historical
2025-04-01,CA,PHYSICAL,ILP,0.0,Historical
2025-04-01,CA,PHYSICAL,PDL,56593.0,Historical
2025-04-01,CO,DIGITAL,ILP,0.0,Historical
2025-04-01,CO,DIGITAL,PDL,0.0,Historical
2025-04-01,CO,PHYSICAL,ILP,0.0,Historical
2025-04-01,CO,PHYSICAL,PDL,0.0,Historical
2025-04-01,DE,DIGITAL,ILP,100.0,Historical
2025-04-01,DE,PHYSICAL,ILP,225.0,Historical
2025-04-01,FL,DIGITAL,ILP,5544.0,Historical
2025-04-01,FL,DIGITAL,PDL,2368.0,Historical
2025-04-01,FL,PHYSICAL,ILP,21842.0,Historical
2025-04-01,FL,PHYSICAL,PDL,16460.0,Historical
2025-04-01,FL,UNKNOWN,ILP,0.0,Historical
2025-04-01,IA,DIGITAL,PDL,1739.0,Historical
2025-04-01,IA,PHYSICAL,ILP,0.0,Historical
2025-04-01,IA,PHYSICAL,PDL,8632.0,Historical
2025-04-01,ID,DIGITAL,ILP,55.0,Historical
2025-04-01,ID,PHYSICAL,ILP,81.0,Historical
2025-04-01,ID,PHYSICAL,PDL,0.0,Historical
2025-04-01,IN,DIGITAL,PDL,2428.0,Historical
2025-04-01,IN,PHYSICAL,PDL,13067.0,Historical
2025-04-01,KS,DIGITAL,ILP,0.0,Historical
2025-04-01,KS,DIGITAL,PDL,0.0,Historical
2025-04-01,KS,PHYSICAL,ILP,0.0,Historical
2025-04-01,KS,PHYSICAL,PDL,0.0,Historical
2025-04-01,KY,DIGITAL,PDL,735.0,Historical
2025-04-01,KY,PHYSICAL,ILP,0.0,Historical
2025-04-01,KY,PHYSICAL,PDL,7416.0,Historical
2025-04-01,KY,UNKNOWN,PDL,0.0,Historical
2025-04-01,LA,DIGITAL,PDL,2251.0,Historical
2025-04-01,LA,PHYSICAL,ILP,0.0,Historical
2025-04-01,LA,PHYSICAL,PDL,12240.0,Historical
2025-04-01,MI,DIGITAL,ILP,0.0,Historical
2025-04-01,MI,DIGITAL,PDL,11402.0,Historical
2025-04-01,MI,PHYSICAL,ILP,0.0,Historical
2025-04-01,MI,PHYSICAL,PDL,42115.0,Historical
2025-04-01,MI,UNKNOWN,PDL,0.0,Historical
2025-04-01,MO,DIGITAL,ILP,537.0,Historical
2025-04-01,MO,DIGITAL,PDL,0.0,Historical
2025-04-01,MO,PHYSICAL,ILP,1220.0,Historical
2025-04-01,MO,PHYSICAL,PDL,0.0,Historical
2025-04-01,MS,DIGITAL,ILP,701.0,Historical
2025-04-01,MS,DIGITAL,PDL,95.0,Historical
2025-04-01,MS,PHYSICAL,ILP,2767.0,Historical
2025-04-01,MS,PHYSICAL,PDL,430.0,Historical
2025-04-01,MS,UNKNOWN,PDL,0.0,Historical
2025-04-01,NV,DIGITAL,ILP,210.0,Historical
2025-04-01,NV,DIGITAL,PDL,0.0,Historical
2025-04-01,NV,PHYSICAL,ILP,565.0,Historical
2025-04-01,NV,PHYSICAL,PDL,0.0,Historical
2025-04-01,OH,DIGITAL,ILP,1726.0,Historical
2025-04-01,OH,DIGITAL,PDL,0.0,Historical
2025-04-01,OH,PHYSICAL,ILP,5298.0,Historical
2025-04-01,OH,PHYSICAL,PDL,0.0,Historical
2025-04-01,OK,DIGITAL,ILP,912.0,Historical
2025-04-01,OK,PHYSICAL,ILP,2122.0,Historical
2025-04-01,OK,PHYSICAL,PDL,0.0,Historical
2025-04-01,RI,DIGITAL,PDL,811.0,Historical
2025-04-01,RI,PHYSICAL,PDL,6537.0,Historical
2025-04-01,SC,DIGITAL,PDL,0.0,Historical
2025-04-01,SC,PHYSICAL,PDL,0.0,Historical
2025-04-01,TN,DIGITAL,ILP,0.0,Historical
2025-04-01,TN,DIGITAL,PDL,153.0,Historical
2025-04-01,TN,PHYSICAL,ILP,0.0,Historical
2025-04-01,TN,PHYSICAL,PDL,501.0,Historical
2025-04-01,TX,DIGITAL,ILP,2668.0,Historical
2025-04-01,TX,DIGITAL,PDL,907.0,Historical
2025-04-01,TX,PHYSICAL,ILP,5971.0,Historical
2025-04-01,TX,PHYSICAL,PDL,587.0,Historical
2025-04-01,UT,DIGITAL,ILP,44.0,Historical
2025-04-01,UT,DIGITAL,PDL,0.0,Historical
2025-04-01,UT,PHYSICAL,ILP,22.0,Historical
2025-04-01,UT,PHYSICAL,PDL,0.0,Historical
2025-04-01,WI,DIGITAL,ILP,396.0,Historical
2025-04-01,WI,DIGITAL,PDL,0.0,Historical
2025-04-01,WI,PHYSICAL,ILP,602.0,Historical
2025-04-01,WI,PHYSICAL,PDL,0.0,Historical
2025-04-01,WY,DIGITAL,PDL,579.0,Historical
2025-04-01,WY,PHYSICAL,ILP,0.0,Historical
2025-04-01,WY,PHYSICAL,PDL,2631.0,Historical
2025-05-01,AL,DIGITAL,ILP,986.0,Historical
2025-05-01,AL,DIGITAL,PDL,0.0,Historical
2025-05-01,AL,PHYSICAL,ILP,4453.0,Historical
2025-05-01,AL,PHYSICAL,PDL,0.0,Historical
2025-05-01,CA,DIGITAL,ILP,0.0,Historical
2025-05-01,CA,DIGITAL,PDL,19135.0,Historical
2025-05-01,CA,PHYSICAL,ILP,0.0,Historical
2025-05-01,CA,PHYSICAL,PDL,64220.0,Historical
2025-05-01,CO,DIGITAL,ILP,0.0,Historical
2025-05-01,CO,DIGITAL,PDL,0.0,Historical
2025-05-01,CO,PHYSICAL,ILP,0.0,Historical
2025-05-01,CO,PHYSICAL,PDL,0.0,Historical
2025-05-01,DE,DIGITAL,ILP,90.0,Historical
2025-05-01,DE,PHYSICAL,ILP,254.0,Historical
2025-05-01,FL,DIGITAL,ILP,6167.0,Historical
2025-05-01,FL,DIGITAL,PDL,2597.0,Historical
2025-05-01,FL,PHYSICAL,ILP,24178.0,Historical
2025-05-01,FL,PHYSICAL,PDL,18175.0,Historical
2025-05-01,FL,UNKNOWN,ILP,0.0,Historical
2025-05-01,IA,DIGITAL,PDL,2009.0,Historical
2025-05-01,IA,PHYSICAL,ILP,0.0,Historical
2025-05-01,IA,PHYSICAL,PDL,9662.0,Historical
2025-05-01,ID,DIGITAL,ILP,65.0,Historical
2025-05-01,ID,PHYSICAL,ILP,74.0,Historical
2025-05-01,ID,PHYSICAL,PDL,0.0,Historical
2025-05-01,IN,DIGITAL,PDL,2871.0,Historical
2025-05-01,IN,PHYSICAL,PDL,14905.0,Historical
2025-05-01,KS,DIGITAL,ILP,0.0,Historical
2025-05-01,KS,DIGITAL,PDL,0.0,Historical
2025-05-01,KS,PHYSICAL,ILP,0.0,Historical
2025-05-01,KS,PHYSICAL,PDL,0.0,Historical
2025-05-01,KY,DIGITAL,PDL,833.0,Historical
2025-05-01,KY,PHYSICAL,ILP,0.0,Historical
2025-05-01,KY,PHYSICAL,PDL,8188.0,Historical
2025-05-01,KY,UNKNOWN,PDL,0.0,Historical
2025-05-01,LA,DIGITAL,PDL,2608.0,Historical
2025-05-01,LA,PHYSICAL,ILP,0.0,Historical
2025-05-01,LA,PHYSICAL,PDL,13748.0,Historical
2025-05-01,MI,DIGITAL,ILP,0.0,Historical
2025-05-01,MI,DIGITAL,PDL,13050.0,Historical
2025-05-01,MI,PHYSICAL,ILP,0.0,Historical
2025-05-01,MI,PHYSICAL,PDL,48597.0,Historical
2025-05-01,MI,UNKNOWN,PDL,0.0,Historical
2025-05-01,MO,DIGITAL,ILP,516.0,Historical
2025-05-01,MO,DIGITAL,PDL,0.0,Historical
2025-05-01,MO,PHYSICAL,ILP,1281.0,Historical
2025-05-01,MO,PHYSICAL,PDL,0.0,Historical
2025-05-01,MS,DIGITAL,ILP,750.0,Historical
2025-05-01,MS,DIGITAL,PDL,105.0,Historical
2025-05-01,MS,PHYSICAL,ILP,2914.0,Historical
2025-05-01,MS,PHYSICAL,PDL,398.0,Historical
2025-05-01,MS,UNKNOWN,PDL,0.0,Historical
2025-05-01,NV,DIGITAL,ILP,188.0,Historical
2025-05-01,NV,DIGITAL,PDL,0.0,Historical
2025-05-01,NV,PHYSICAL,ILP,625.0,Historical
2025-05-01,NV,PHYSICAL,PDL,0.0,Historical
2025-05-01,OH,DIGITAL,ILP,1796.0,Historical
2025-05-01,OH,DIGITAL,PDL,0.0,Historical
2025-05-01,OH,PHYSICAL,ILP,5627.0,Historical
2025-05-01,OH,PHYSICAL,PDL,0.0,Historical
2025-05-01,OK,DIGITAL,ILP,872.0,Historical
2025-05-01,OK,PHYSICAL,ILP,2162.0,Historical
2025-05-01,OK,PHYSICAL,PDL,0.0,Historical
2025-05-01,RI,DIGITAL,PDL,930.0,Historical
2025-05-01,RI,PHYSICAL,PDL,7220.0,Historical
2025-05-01,SC,DIGITAL,PDL,0.0,Historical
2025-05-01,SC,PHYSICAL,PDL,0.0,Historical
2025-05-01,TN,DIGITAL,ILP,0.0,Historical
2025-05-01,TN,DIGITAL,PDL,174.0,Historical
2025-05-01,TN,PHYSICAL,ILP,0.0,Historical
2025-05-01,TN,PHYSICAL,PDL,533.0,Historical
2025-05-01,TX,DIGITAL,ILP,3236.0,Historical
2025-05-01,TX,DIGITAL,PDL,944.0,Historical
2025-05-01,TX,PHYSICAL,ILP,7070.0,Historical
2025-05-01,TX,PHYSICAL,PDL,611.0,Historical
2025-05-01,UT,DIGITAL,ILP,57.0,Historical
2025-05-01,UT,DIGITAL,PDL,0.0,Historical
2025-05-01,UT,PHYSICAL,ILP,23.0,Historical
2025-05-01,UT,PHYSICAL,PDL,0.0,Historical
2025-05-01,WI,DIGITAL,ILP,406.0,Historical
2025-05-01,WI,DIGITAL,PDL,0.0,Historical
2025-05-01,WI,PHYSICAL,ILP,636.0,Historical
2025-05-01,WI,PHYSICAL,PDL,0.0,Historical
2025-05-01,WY,DIGITAL,PDL,649.0,Historical
2025-05-01,WY,PHYSICAL,ILP,0.0,Historical
2025-05-01,WY,PHYSICAL,PDL,2933.0,Historical
2025-06-01,AL,DIGITAL,ILP,857.0,Historical
2025-06-01,AL,DIGITAL,PDL,0.0,Historical
2025-06-01,AL,PHYSICAL,ILP,4167.0,Historical
2025-06-01,AL,PHYSICAL,PDL,0.0,Historical
2025-06-01,CA,DIGITAL,ILP,0.0,Historical
2025-06-01,CA,DIGITAL,PDL,17998.0,Historical
2025-06-01,CA,PHYSICAL,ILP,0.0,Historical
2025-06-01,CA,PHYSICAL,PDL,56446.0,Historical
2025-06-01,CO,DIGITAL,ILP,0.0,Historical
2025-06-01,CO,DIGITAL,PDL,0.0,Historical
2025-06-01,CO,PHYSICAL,ILP,0.0,Historical
2025-06-01,CO,PHYSICAL,PDL,0.0,Historical
2025-06-01,DE,DIGITAL,ILP,99.0,Historical
2025-06-01,DE,PHYSICAL,ILP,250.0,Historical
2025-06-01,FL,DIGITAL,ILP,5770.0,Historical
2025-06-01,FL,DIGITAL,PDL,2334.0,Historical
2025-06-01,FL,PHYSICAL,ILP,22189.0,Historical
2025-06-01,FL,PHYSICAL,PDL,15140.0,Historical
2025-06-01,FL,UNKNOWN,ILP,0.0,Historical
2025-06-01,IA,DIGITAL,PDL,1920.0,Historical
2025-06-01,IA,PHYSICAL,ILP,0.0,Historical
2025-06-01,IA,PHYSICAL,PDL,8485.0,Historical
2025-06-01,ID,DIGITAL,ILP,59.0,Historical
2025-06-01,ID,PHYSICAL,ILP,75.0,Historical
2025-06-01,ID,PHYSICAL,PDL,0.0,Historical
2025-06-01,IN,DIGITAL,PDL,2696.0,Historical
2025-06-01,IN,PHYSICAL,PDL,13249.0,Historical
2025-06-01,KS,DIGITAL,ILP,0.0,Historical
2025-06-01,KS,DIGITAL,PDL,0.0,Historical
2025-06-01,KS,PHYSICAL,ILP,0.0,Historical
2025-06-01,KS,PHYSICAL,PDL,0.0,Historical
2025-06-01,KY,DIGITAL,PDL,791.0,Historical
2025-06-01,KY,PHYSICAL,ILP,0.0,Historical
2025-06-01,KY,PHYSICAL,PDL,7038.0,Historical
2025-06-01,KY,UNKNOWN,PDL,0.0,Historical
2025-06-01,LA,DIGITAL,PDL,2458.0,Historical
2025-06-01,LA,PHYSICAL,ILP,0.0,Historical
2025-06-01,LA,PHYSICAL,PDL,11549.0,Historical
2025-06-01,MI,DIGITAL,ILP,0.0,Historical
2025-06-01,MI,DIGITAL,PDL,12071.0,Historical
2025-06-01,MI,PHYSICAL,ILP,0.0,Historical
2025-06-01,MI,PHYSICAL,PDL,41759.0,Historical
2025-06-01,MI,UNKNOWN,PDL,0.0,Historical
2025-06-01,MO,DIGITAL,ILP,497.0,Historical
2025-06-01,MO,DIGITAL,PDL,0.0,Historical
2025-06-01,MO,PHYSICAL,ILP,1142.0,Historical
2025-06-01,MO,PHYSICAL,PDL,0.0,Historical
2025-06-01,MS,DIGITAL,ILP,724.0,Historical
2025-06-01,MS,DIGITAL,PDL,73.0,Historical
2025-06-01,MS,PHYSICAL,ILP,2863.0,Historical
2025-06-01,MS,PHYSICAL,PDL,229.0,Historical
2025-06-01,MS,UNKNOWN,PDL,0.0,Historical
2025-06-01,NV,DIGITAL,ILP,185.0,Historical
2025-06-01,NV,DIGITAL,PDL,0.0,Historical
2025-06-01,NV,PHYSICAL,ILP,520.0,Historical
2025-06-01,NV,PHYSICAL,PDL,0.0,Historical
2025-06-01,OH,DIGITAL,ILP,1747.0,Historical
2025-06-01,OH,DIGITAL,PDL,0.0,Historical
2025-06-01,OH,PHYSICAL,ILP,5399.0,Historical
2025-06-01,OH,PHYSICAL,PDL,0.0,Historical
2025-06-01,OK,DIGITAL,ILP,865.0,Historical
2025-06-01,OK,PHYSICAL,ILP,2011.0,Historical
2025-06-01,OK,PHYSICAL,PDL,0.0,Historical
2025-06-01,RI,DIGITAL,PDL,867.0,Historical
2025-06-01,RI,PHYSICAL,PDL,6007.0,Historical
2025-06-01,SC,DIGITAL,PDL,0.0,Historical
2025-06-01,SC,PHYSICAL,PDL,0.0,Historical
2025-06-01,TN,DIGITAL,ILP,0.0,Historical
2025-06-01,TN,DIGITAL,PDL,139.0,Historical
2025-06-01,TN,PHYSICAL,ILP,0.0,Historical
2025-06-01,TN,PHYSICAL,PDL,337.0,Historical
2025-06-01,TX,DIGITAL,ILP,3091.0,Historical
2025-06-01,TX,DIGITAL,PDL,770.0,Historical
2025-06-01,TX,PHYSICAL,ILP,6615.0,Historical
2025-06-01,TX,PHYSICAL,PDL,507.0,Historical
2025-06-01,UT,DIGITAL,ILP,66.0,Historical
2025-06-01,UT,DIGITAL,PDL,0.0,Historical
2025-06-01,UT,PHYSICAL,ILP,11.0,Historical
2025-06-01,UT,PHYSICAL,PDL,0.0,Historical
2025-06-01,WI,DIGITAL,ILP,419.0,Historical
2025-06-01,WI,DIGITAL,PDL,0.0,Historical
2025-06-01,WI,PHYSICAL,ILP,523.0,Historical
2025-06-01,WI,PHYSICAL,PDL,0.0,Historical
2025-06-01,WY,DIGITAL,PDL,622.0,Historical
2025-06-01,WY,PHYSICAL,ILP,0.0,Historical
2025-06-01,WY,PHYSICAL,PDL,2637.0,Historical
2025-07-01,AL,DIGITAL,ILP,918.0,Historical
2025-07-01,AL,DIGITAL,PDL,0.0,Historical
2025-07-01,AL,PHYSICAL,ILP,4567.0,Historical
2025-07-01,AL,PHYSICAL,PDL,0.0,Historical
2025-07-01,CA,DIGITAL,ILP,0.0,Historical
2025-07-01,CA,DIGITAL,PDL,19220.0,Historical
2025-07-01,CA,PHYSICAL,ILP,0.0,Historical
2025-07-01,CA,PHYSICAL,PDL,62177.0,Historical
2025-07-01,CO,DIGITAL,ILP,0.0,Historical
2025-07-01,CO,DIGITAL,PDL,0.0,Historical
2025-07-01,CO,PHYSICAL,ILP,0.0,Historical
2025-07-01,CO,PHYSICAL,PDL,0.0,Historical
2025-07-01,DE,DIGITAL,ILP,106.0,Historical
2025-07-01,DE,PHYSICAL,ILP,242.0,Historical
2025-07-01,FL,DIGITAL,ILP,6688.0,Historical
2025-07-01,FL,DIGITAL,PDL,2373.0,Historical
2025-07-01,FL,PHYSICAL,ILP,23924.0,Historical
2025-07-01,FL,PHYSICAL,PDL,16454.0,Historical
2025-07-01,FL,UNKNOWN,ILP,0.0,Historical
2025-07-01,IA,DIGITAL,PDL,2036.0,Historical
2025-07-01,IA,PHYSICAL,ILP,0.0,Historical
2025-07-01,IA,PHYSICAL,PDL,9019.0,Historical
2025-07-01,ID,DIGITAL,ILP,63.0,Historical
2025-07-01,ID,PHYSICAL,ILP,73.0,Historical
2025-07-01,ID,PHYSICAL,PDL,0.0,Historical
2025-07-01,IN,DIGITAL,PDL,2867.0,Historical
2025-07-01,IN,PHYSICAL,PDL,14559.0,Historical
2025-07-01,KS,DIGITAL,ILP,0.0,Historical
2025-07-01,KS,DIGITAL,PDL,0.0,Historical
2025-07-01,KS,PHYSICAL,ILP,0.0,Historical
2025-07-01,KS,PHYSICAL,PDL,0.0,Historical
2025-07-01,KY,DIGITAL,PDL,877.0,Historical
2025-07-01,KY,PHYSICAL,ILP,0.0,Historical
2025-07-01,KY,PHYSICAL,PDL,7749.0,Historical
2025-07-01,KY,UNKNOWN,PDL,0.0,Historical
2025-07-01,LA,DIGITAL,PDL,2807.0,Historical
2025-07-01,LA,PHYSICAL,ILP,0.0,Historical
2025-07-01,LA,PHYSICAL,PDL,13528.0,Historical
2025-07-01,MI,DIGITAL,ILP,0.0,Historical
2025-07-01,MI,DIGITAL,PDL,13152.0,Historical
2025-07-01,MI,PHYSICAL,ILP,0.0,Historical
2025-07-01,MI,PHYSICAL,PDL,45727.0,Historical
2025-07-01,MI,UNKNOWN,PDL,0.0,Historical
2025-07-01,MO,DIGITAL,ILP,569.0,Historical
2025-07-01,MO,DIGITAL,PDL,0.0,Historical
2025-07-01,MO,PHYSICAL,ILP,1251.0,Historical
2025-07-01,MO,PHYSICAL,PDL,0.0,Historical
2025-07-01,MS,DIGITAL,ILP,764.0,Historical
2025-07-01,MS,DIGITAL,PDL,60.0,Historical
2025-07-01,MS,PHYSICAL,ILP,3066.0,Historical
2025-07-01,MS,PHYSICAL,PDL,243.0,Historical
2025-07-01,MS,UNKNOWN,PDL,0.0,Historical
2025-07-01,NV,DIGITAL,ILP,199.0,Historical
2025-07-01,NV,DIGITAL,PDL,0.0,Historical
2025-07-01,NV,PHYSICAL,ILP,590.0,Historical
2025-07-01,NV,PHYSICAL,PDL,0.0,Historical
2025-07-01,OH,DIGITAL,ILP,1883.0,Historical
2025-07-01,OH,DIGITAL,PDL,0.0,Historical
2025-07-01,OH,PHYSICAL,ILP,5774.0,Historical
2025-07-01,OH,PHYSICAL,PDL,0.0,Historical
2025-07-01,OK,DIGITAL,ILP,953.0,Historical
2025-07-01,OK,PHYSICAL,ILP,2254.0,Historical
2025-07-01,OK,PHYSICAL,PDL,0.0,Historical
2025-07-01,RI,DIGITAL,PDL,961.0,Historical
2025-07-01,RI,PHYSICAL,PDL,6959.0,Historical
2025-07-01,SC,DIGITAL,PDL,0.0,Historical
2025-07-01,SC,PHYSICAL,PDL,0.0,Historical
2025-07-01,TN,DIGITAL,ILP,0.0,Historical
2025-07-01,TN,DIGITAL,PDL,117.0,Historical
2025-07-01,TN,PHYSICAL,ILP,0.0,Historical
2025-07-01,TN,PHYSICAL,PDL,340.0,Historical
2025-07-01,TX,DIGITAL,ILP,3359.0,Historical
2025-07-01,TX,DIGITAL,PDL,833.0,Historical
2025-07-01,TX,PHYSICAL,ILP,7045.0,Historical
2025-07-01,TX,PHYSICAL,PDL,572.0,Historical
2025-07-01,UT,DIGITAL,ILP,92.0,Historical
2025-07-01,UT,DIGITAL,PDL,0.0,Historical
2025-07-01,UT,PHYSICAL,ILP,19.0,Historical
2025-07-01,UT,PHYSICAL,PDL,0.0,Historical
2025-07-01,WI,DIGITAL,ILP,405.0,Historical
2025-07-01,WI,DIGITAL,PDL,0.0,Historical
2025-07-01,WI,PHYSICAL,ILP,611.0,Historical
2025-07-01,WI,PHYSICAL,PDL,0.0,Historical
2025-07-01,WY,DIGITAL,PDL,749.0,Historical
2025-07-01,WY,PHYSICAL,ILP,0.0,Historical
2025-07-01,WY,PHYSICAL,PDL,3093.0,Historical
2025-08-01,AL,DIGITAL,ILP,921.0,Historical
2025-08-01,AL,DIGITAL,PDL,0.0,Historical
2025-08-01,AL,PHYSICAL,ILP,4087.0,Historical
2025-08-01,AL,PHYSICAL,PDL,0.0,Historical
2025-08-01,CA,DIGITAL,ILP,0.0,Historical
2025-08-01,CA,DIGITAL,PDL,20454.0,Historical
2025-08-01,CA,PHYSICAL,ILP,0.0,Historical
2025-08-01,CA,PHYSICAL,PDL,65205.0,Historical
2025-08-01,CO,DIGITAL,ILP,0.0,Historical
2025-08-01,CO,DIGITAL,PDL,0.0,Historical
2025-08-01,CO,PHYSICAL,ILP,0.0,Historical
2025-08-01,CO,PHYSICAL,PDL,0.0,Historical
2025-08-01,DE,DIGITAL,ILP,126.0,Historical
2025-08-01,DE,PHYSICAL,ILP,220.0,Historical
2025-08-01,FL,DIGITAL,ILP,6738.0,Historical
2025-08-01,FL,DIGITAL,PDL,2566.0,Historical
2025-08-01,FL,PHYSICAL,ILP,24605.0,Historical
2025-08-01,FL,PHYSICAL,PDL,16955.0,Historical
2025-08-01,FL,UNKNOWN,ILP,0.0,Historical
2025-08-01,IA,DIGITAL,PDL,2230.0,Historical
2025-08-01,IA,PHYSICAL,ILP,0.0,Historical
2025-08-01,IA,PHYSICAL,PDL,9907.0,Historical
2025-08-01,ID,DIGITAL,ILP,85.0,Historical
2025-08-01,ID,PHYSICAL,ILP,60.0,Historical
2025-08-01,ID,PHYSICAL,PDL,0.0,Historical
2025-08-01,IN,DIGITAL,PDL,3026.0,Historical
2025-08-01,IN,PHYSICAL,PDL,15126.0,Historical
2025-08-01,KS,DIGITAL,ILP,0.0,Historical
2025-08-01,KS,DIGITAL,PDL,0.0,Historical
2025-08-01,KS,PHYSICAL,ILP,0.0,Historical
2025-08-01,KS,PHYSICAL,PDL,0.0,Historical
2025-08-01,KY,DIGITAL,PDL,963.0,Historical
2025-08-01,KY,PHYSICAL,ILP,0.0,Historical
2025-08-01,KY,PHYSICAL,PDL,8155.0,Historical
2025-08-01,KY,UNKNOWN,PDL,0.0,Historical
2025-08-01,LA,DIGITAL,PDL,2971.0,Historical
2025-08-01,LA,PHYSICAL,ILP,0.0,Historical
2025-08-01,LA,PHYSICAL,PDL,13760.0,Historical
2025-08-01,MI,DIGITAL,ILP,0.0,Historical
2025-08-01,MI,DIGITAL,PDL,14038.0,Historical
2025-08-01,MI,PHYSICAL,ILP,0.0,Historical
2025-08-01,MI,PHYSICAL,PDL,47635.0,Historical
2025-08-01,MI,UNKNOWN,PDL,0.0,Historical
2025-08-01,MO,DIGITAL,ILP,586.0,Historical
2025-08-01,MO,DIGITAL,PDL,0.0,Historical
2025-08-01,MO,PHYSICAL,ILP,1231.0,Historical
2025-08-01,MO,PHYSICAL,PDL,0.0,Historical
2025-08-01,MS,DIGITAL,ILP,703.0,Historical
2025-08-01,MS,DIGITAL,PDL,53.0,Historical
2025-08-01,MS,PHYSICAL,ILP,2827.0,Historical
2025-08-01,MS,PHYSICAL,PDL,205.0,Historical
2025-08-01,MS,UNKNOWN,PDL,0.0,Historical
2025-08-01,NV,DIGITAL,ILP,191.0,Historical
2025-08-01,NV,DIGITAL,PDL,0.0,Historical
2025-08-01,NV,PHYSICAL,ILP,505.0,Historical
2025-08-01,NV,PHYSICAL,PDL,0.0,Historical
2025-08-01,OH,DIGITAL,ILP,1674.0,Historical
2025-08-01,OH,DIGITAL,PDL,0.0,Historical
2025-08-01,OH,PHYSICAL,ILP,5286.0,Historical
2025-08-01,OH,PHYSICAL,PDL,0.0,Historical
2025-08-01,OK,DIGITAL,ILP,875.0,Historical
2025-08-01,OK,PHYSICAL,ILP,2031.0,Historical
2025-08-01,OK,PHYSICAL,PDL,0.0,Historical
2025-08-01,RI,DIGITAL,PDL,1048.0,Historical
2025-08-01,RI,PHYSICAL,PDL,7232.0,Historical
2025-08-01,SC,DIGITAL,PDL,0.0,Historical
2025-08-01,SC,PHYSICAL,PDL,0.0,Historical
2025-08-01,TN,DIGITAL,ILP,0.0,Historical
2025-08-01,TN,DIGITAL,PDL,109.0,Historical
2025-08-01,TN,PHYSICAL,ILP,0.0,Historical
2025-08-01,TN,PHYSICAL,PDL,313.0,Historical
2025-08-01,TX,DIGITAL,ILP,3421.0,Historical
2025-08-01,TX,DIGITAL,PDL,886.0,Historical
2025-08-01,TX,PHYSICAL,ILP,6652.0,Historical
2025-08-01,TX,PHYSICAL,PDL,529.0,Historical
2025-08-01,UT,DIGITAL,ILP,93.0,Historical
2025-08-01,UT,DIGITAL,PDL,0.0,Historical
2025-08-01,UT,PHYSICAL,ILP,10.0,Historical
2025-08-01,UT,PHYSICAL,PDL,0.0,Historical
2025-08-01,WI,DIGITAL,ILP,404.0,Historical
2025-08-01,WI,DIGITAL,PDL,0.0,Historical
2025-08-01,WI,PHYSICAL,ILP,615.0,Historical
2025-08-01,WI,PHYSICAL,PDL,0.0,Historical
2025-08-01,WY,DIGITAL,PDL,750.0,Historical
2025-08-01,WY,PHYSICAL,ILP,0.0,Historical
2025-08-01,WY,PHYSICAL,PDL,3050.0,Historical
2025-09-01,AL,DIGITAL,ILP,890.0,Historical
2025-09-01,AL,DIGITAL,PDL,0.0,Historical
2025-09-01,AL,PHYSICAL,ILP,4029.0,Historical
2025-09-01,AL,PHYSICAL,PDL,0.0,Historical
2025-09-01,CA,DIGITAL,ILP,0.0,Historical
2025-09-01,CA,DIGITAL,PDL,18597.0,Historical
2025-09-01,CA,PHYSICAL,ILP,0.0,Historical
2025-09-01,CA,PHYSICAL,PDL,57737.0,Historical
2025-09-01,CO,DIGITAL,ILP,0.0,Historical
2025-09-01,CO,DIGITAL,PDL,0.0,Historical
2025-09-01,CO,PHYSICAL,ILP,0.0,Historical
2025-09-01,CO,PHYSICAL,PDL,0.0,Historical
2025-09-01,DE,DIGITAL,ILP,113.0,Historical
2025-09-01,DE,PHYSICAL,ILP,224.0,Historical
2025-09-01,FL,DIGITAL,ILP,6431.0,Historical
2025-09-01,FL,DIGITAL,PDL,2287.0,Historical
2025-09-01,FL,PHYSICAL,ILP,22680.0,Historical
2025-09-01,FL,PHYSICAL,PDL,14830.0,Historical
2025-09-01,FL,UNKNOWN,ILP,0.0,Historical
2025-09-01,IA,DIGITAL,PDL,2110.0,Historical
2025-09-01,IA,PHYSICAL,ILP,0.0,Historical
2025-09-01,IA,PHYSICAL,PDL,8801.0,Historical
2025-09-01,ID,DIGITAL,ILP,77.0,Historical
2025-09-01,ID,PHYSICAL,ILP,55.0,Historical
2025-09-01,ID,PHYSICAL,PDL,0.0,Historical
2025-09-01,IN,DIGITAL,PDL,2793.0,Historical
2025-09-01,IN,PHYSICAL,PDL,13334.0,Historical
2025-09-01,KS,DIGITAL,ILP,0.0,Historical
2025-09-01,KS,DIGITAL,PDL,0.0,Historical
2025-09-01,KS,PHYSICAL,ILP,0.0,Historical
2025-09-01,KS,PHYSICAL,PDL,0.0,Historical
2025-09-01,KY,DIGITAL,PDL,963.0,Historical
2025-09-01,KY,PHYSICAL,ILP,0.0,Historical
2025-09-01,KY,PHYSICAL,PDL,7101.0,Historical
2025-09-01,KY,UNKNOWN,PDL,0.0,Historical
2025-09-01,LA,DIGITAL,PDL,2591.0,Historical
2025-09-01,LA,PHYSICAL,ILP,0.0,Historical
2025-09-01,LA,PHYSICAL,PDL,11731.0,Historical
2025-09-01,MI,DIGITAL,ILP,0.0,Historical
2025-09-01,MI,DIGITAL,PDL,12926.0,Historical
2025-09-01,MI,PHYSICAL,ILP,0.0,Historical
2025-09-01,MI,PHYSICAL,PDL,44186.0,Historical
2025-09-01,MI,UNKNOWN,PDL,0.0,Historical
2025-09-01,MO,DIGITAL,ILP,564.0,Historical
2025-09-01,MO,DIGITAL,PDL,0.0,Historical
2025-09-01,MO,PHYSICAL,ILP,1151.0,Historical
2025-09-01,MO,PHYSICAL,PDL,0.0,Historical
2025-09-01,MS,DIGITAL,ILP,735.0,Historical
2025-09-01,MS,DIGITAL,PDL,45.0,Historical
2025-09-01,MS,PHYSICAL,ILP,2574.0,Historical
2025-09-01,MS,PHYSICAL,PDL,153.0,Historical
2025-09-01,MS,UNKNOWN,PDL,0.0,Historical
2025-09-01,NV,DIGITAL,ILP,158.0,Historical
2025-09-01,NV,DIGITAL,PDL,0.0,Historical
2025-09-01,NV,PHYSICAL,ILP,490.0,Historical
2025-09-01,NV,PHYSICAL,PDL,0.0,Historical
2025-09-01,OH,DIGITAL,ILP,1679.0,Historical
2025-09-01,OH,DIGITAL,PDL,0.0,Historical
2025-09-01,OH,PHYSICAL,ILP,4723.0,Historical
2025-09-01,OH,PHYSICAL,PDL,0.0,Historical
2025-09-01,OK,DIGITAL,ILP,798.0,Historical
2025-09-01,OK,PHYSICAL,ILP,1907.0,Historical
2025-09-01,OK,PHYSICAL,PDL,0.0,Historical
2025-09-01,RI,DIGITAL,PDL,983.0,Historical
2025-09-01,RI,PHYSICAL,PDL,6095.0,Historical
2025-09-01,SC,DIGITAL,PDL,0.0,Historical
2025-09-01,SC,PHYSICAL,PDL,0.0,Historical
2025-09-01,TN,DIGITAL,ILP,0.0,Historical
2025-09-01,TN,DIGITAL,PDL,85.0,Historical
2025-09-01,TN,PHYSICAL,ILP,0.0,Historical
2025-09-01,TN,PHYSICAL,PDL,204.0,Historical
2025-09-01,TX,DIGITAL,ILP,3515.0,Historical
2025-09-01,TX,DIGITAL,PDL,716.0,Historical
2025-09-01,TX,PHYSICAL,ILP,6166.0,Historical
2025-09-01,TX,PHYSICAL,PDL,376.0,Historical
2025-09-01,UT,DIGITAL,ILP,79.0,Historical
2025-09-01,UT,DIGITAL,PDL,0.0,Historical
2025-09-01,UT,PHYSICAL,ILP,19.0,Historical
2025-09-01,UT,PHYSICAL,PDL,0.0,Historical
2025-09-01,WI,DIGITAL,ILP,420.0,Historical
2025-09-01,WI,DIGITAL,PDL,0.0,Historical
2025-09-01,WI,PHYSICAL,ILP,555.0,Historical
2025-09-01,WI,PHYSICAL,PDL,0.0,Historical
2025-09-01,WY,DIGITAL,PDL,682.0,Historical
2025-09-01,WY,PHYSICAL,ILP,0.0,Historical
2025-09-01,WY,PHYSICAL,PDL,2701.0,Historical
2025-10-01,AL,DIGITAL,ILP,945.0,Historical
2025-10-01,AL,DIGITAL,PDL,0.0,Historical
2025-10-01,AL,PHYSICAL,ILP,4191.0,Historical
2025-10-01,AL,PHYSICAL,PDL,0.0,Historical
2025-10-01,AL,UNKNOWN,ILP,0.0,Historical
2025-10-01,CA,DIGITAL,ILP,0.0,Historical
2025-10-01,CA,DIGITAL,PDL,20479.0,Historical
2025-10-01,CA,PHYSICAL,ILP,0.0,Historical
2025-10-01,CA,PHYSICAL,PDL,66355.0,Historical
2025-10-01,CA,UNKNOWN,PDL,-5.0,Historical
2025-10-01,CO,DIGITAL,ILP,0.0,Historical
2025-10-01,CO,DIGITAL,PDL,0.0,Historical
2025-10-01,CO,PHYSICAL,ILP,0.0,Historical
2025-10-01,CO,PHYSICAL,PDL,0.0,Historical
2025-10-01,DE,DIGITAL,ILP,146.0,Historical
2025-10-01,DE,PHYSICAL,ILP,226.0,Historical
2025-10-01,DE,UNKNOWN,ILP,0.0,Historical
2025-10-01,FL,DIGITAL,ILP,7081.0,Historical
2025-10-01,FL,DIGITAL,PDL,2380.0,Historical
2025-10-01,FL,PHYSICAL,ILP,24244.0,Historical
2025-10-01,FL,PHYSICAL,PDL,16324.0,Historical
2025-10-01,FL,UNKNOWN,ILP,0.0,Historical
2025-10-01,IA,DIGITAL,PDL,2200.0,Historical
2025-10-01,IA,PHYSICAL,ILP,0.0,Historical
2025-10-01,IA,PHYSICAL,PDL,9344.0,Historical
2025-10-01,IA,UNKNOWN,PDL,-1.0,Historical
2025-10-01,ID,DIGITAL,ILP,88.0,Historical
2025-10-01,ID,PHYSICAL,ILP,71.0,Historical
2025-10-01,ID,UNKNOWN,ILP,-1.0,Historical
2025-10-01,IN,DIGITAL,PDL,3101.0,Historical
2025-10-01,IN,PHYSICAL,PDL,15185.0,Historical
2025-10-01,KS,DIGITAL,ILP,0.0,Historical
2025-10-01,KS,DIGITAL,PDL,0.0,Historical
2025-10-01,KS,PHYSICAL,ILP,0.0,Historical
2025-10-01,KS,PHYSICAL,PDL,0.0,Historical
2025-10-01,KY,DIGITAL,PDL,1079.0,Historical
2025-10-01,KY,PHYSICAL,ILP,0.0,Historical
2025-10-01,KY,PHYSICAL,PDL,8272.0,Historical
2025-10-01,KY,UNKNOWN,PDL,0.0,Historical
2025-10-01,LA,DIGITAL,PDL,2851.0,Historical
2025-10-01,LA,PHYSICAL,ILP,0.0,Historical
2025-10-01,LA,PHYSICAL,PDL,14249.0,Historical
2025-10-01,LA,UNKNOWN,PDL,0.0,Historical
2025-10-01,MI,DIGITAL,ILP,0.0,Historical
2025-10-01,MI,DIGITAL,PDL,14262.0,Historical
2025-10-01,MI,PHYSICAL,ILP,0.0,Historical
2025-10-01,MI,PHYSICAL,PDL,49845.0,Historical
2025-10-01,MI,UNKNOWN,PDL,0.0,Historical
2025-10-01,MO,DIGITAL,ILP,616.0,Historical
2025-10-01,MO,DIGITAL,PDL,0.0,Historical
2025-10-01,MO,PHYSICAL,ILP,1196.0,Historical
2025-10-01,MO,PHYSICAL,PDL,0.0,Historical
2025-10-01,MO,UNKNOWN,ILP,0.0,Historical
2025-10-01,MS,DIGITAL,ILP,819.0,Historical
2025-10-01,MS,DIGITAL,PDL,40.0,Historical
2025-10-01,MS,PHYSICAL,ILP,2769.0,Historical
2025-10-01,MS,PHYSICAL,PDL,170.0,Historical
2025-10-01,MS,UNKNOWN,ILP,-2.0,Historical
2025-10-01,NV,DIGITAL,ILP,197.0,Historical
2025-10-01,NV,DIGITAL,PDL,0.0,Historical
2025-10-01,NV,PHYSICAL,ILP,582.0,Historical
2025-10-01,NV,PHYSICAL,PDL,0.0,Historical
2025-10-01,NV,UNKNOWN,ILP,0.0,Historical
2025-10-01,OH,DIGITAL,ILP,1746.0,Historical
2025-10-01,OH,DIGITAL,PDL,0.0,Historical
2025-10-01,OH,PHYSICAL,ILP,5323.0,Historical
2025-10-01,OH,PHYSICAL,PDL,0.0,Historical
2025-10-01,OH,UNKNOWN,ILP,0.0,Historical
2025-10-01,OK,DIGITAL,ILP,930.0,Historical
2025-10-01,OK,PHYSICAL,ILP,1981.0,Historical
2025-10-01,OK,PHYSICAL,PDL,0.0,Historical
2025-10-01,OK,UNKNOWN,ILP,0.0,Historical
2025-10-01,RI,DIGITAL,PDL,1143.0,Historical
2025-10-01,RI,PHYSICAL,PDL,7438.0,Historical
2025-10-01,SC,DIGITAL,PDL,0.0,Historical
2025-10-01,SC,PHYSICAL,PDL,0.0,Historical
2025-10-01,TN,DIGITAL,ILP,0.0,Historical
2025-10-01,TN,DIGITAL,PDL,69.0,Historical
2025-10-01,TN,PHYSICAL,ILP,0.0,Historical
2025-10-01,TN,PHYSICAL,PDL,270.0,Historical
2025-10-01,TX,DIGITAL,ILP,3963.0,Historical
2025-10-01,TX,DIGITAL,PDL,797.0,Historical
2025-10-01,TX,PHYSICAL,ILP,6726.0,Historical
2025-10-01,TX,PHYSICAL,PDL,432.0,Historical
2025-10-01,TX,UNKNOWN,ILP,-10.0,Historical
2025-10-01,UT,DIGITAL,ILP,86.0,Historical
2025-10-01,UT,DIGITAL,PDL,0.0,Historical
2025-10-01,UT,PHYSICAL,ILP,21.0,Historical
2025-10-01,UT,PHYSICAL,PDL,0.0,Historical
2025-10-01,WI,DIGITAL,ILP,414.0,Historical
2025-10-01,WI,DIGITAL,PDL,0.0,Historical
2025-10-01,WI,PHYSICAL,ILP,547.0,Historical
2025-10-01,WI,PHYSICAL,PDL,0.0,Historical
2025-10-01,WI,UNKNOWN,ILP,0.0,Historical
2025-10-01,WY,DIGITAL,PDL,754.0,Historical
2025-10-01,WY,PHYSICAL,ILP,0.0,Historical
2025-10-01,WY,PHYSICAL,PDL,2996.0,Historical
2025-11-01,AL,DIGITAL,ILP,839.0,Historical
2025-11-01,AL,DIGITAL,PDL,0.0,Historical
2025-11-01,AL,PHYSICAL,ILP,3847.0,Historical
2025-11-01,AL,PHYSICAL,PDL,0.0,Historical
2025-11-01,AL,UNKNOWN,ILP,0.0,Historical
2025-11-01,CA,DIGITAL,ILP,0.0,Historical
2025-11-01,CA,DIGITAL,PDL,18622.0,Historical
2025-11-01,CA,PHYSICAL,ILP,0.0,Historical
2025-11-01,CA,PHYSICAL,PDL,56316.0,Historical
2025-11-01,CA,UNKNOWN,PDL,-2.0,Historical
2025-11-01,CO,DIGITAL,ILP,0.0,Historical
2025-11-01,CO,DIGITAL,PDL,0.0,Historical
2025-11-01,CO,PHYSICAL,ILP,0.0,Historical
2025-11-01,CO,PHYSICAL,PDL,0.0,Historical
2025-11-01,DE,DIGITAL,ILP,104.0,Historical
2025-11-01,DE,PHYSICAL,ILP,198.0,Historical
2025-11-01,DE,UNKNOWN,ILP,0.0,Historical
2025-11-01,FL,DIGITAL,ILP,6854.0,Historical
2025-11-01,FL,DIGITAL,PDL,2333.0,Historical
2025-11-01,FL,PHYSICAL,ILP,23191.0,Historical
2025-11-01,FL,PHYSICAL,PDL,15020.0,Historical
2025-11-01,FL,UNKNOWN,ILP,0.0,Historical
2025-11-01,IA,DIGITAL,PDL,2198.0,Historical
2025-11-01,IA,PHYSICAL,ILP,0.0,Historical
2025-11-01,IA,PHYSICAL,PDL,8921.0,Historical
2025-11-01,IA,UNKNOWN,PDL,0.0,Historical
2025-11-01,ID,DIGITAL,ILP,90.0,Historical
2025-11-01,ID,PHYSICAL,ILP,66.0,Historical
2025-11-01,ID,UNKNOWN,ILP,0.0,Historical
2025-11-01,IN,DIGITAL,PDL,2779.0,Historical
2025-11-01,IN,PHYSICAL,PDL,12832.0,Historical
2025-11-01,KS,DIGITAL,ILP,0.0,Historical
2025-11-01,KS,DIGITAL,PDL,0.0,Historical
2025-11-01,KS,PHYSICAL,ILP,0.0,Historical
2025-11-01,KS,PHYSICAL,PDL,0.0,Historical
2025-11-01,KY,DIGITAL,PDL,1008.0,Historical
2025-11-01,KY,PHYSICAL,ILP,0.0,Historical
2025-11-01,KY,PHYSICAL,PDL,6937.0,Historical
2025-11-01,KY,UNKNOWN,PDL,0.0,Historical
2025-11-01,LA,DIGITAL,PDL,2402.0,Historical
2025-11-01,LA,PHYSICAL,ILP,0.0,Historical
2025-11-01,LA,PHYSICAL,PDL,11276.0,Historical
2025-11-01,LA,UNKNOWN,PDL,0.0,Historical
2025-11-01,MI,DIGITAL,ILP,0.0,Historical
2025-11-01,MI,DIGITAL,PDL,12597.0,Historical
2025-11-01,MI,PHYSICAL,ILP,0.0,Historical
2025-11-01,MI,PHYSICAL,PDL,42057.0,Historical
2025-11-01,MI,UNKNOWN,PDL,0.0,Historical
2025-11-01,MO,DIGITAL,ILP,551.0,Historical
2025-11-01,MO,DIGITAL,PDL,0.0,Historical
2025-11-01,MO,PHYSICAL,ILP,1082.0,Historical
2025-11-01,MO,PHYSICAL,PDL,0.0,Historical
2025-11-01,MO,UNKNOWN,ILP,0.0,Historical
2025-11-01,MS,DIGITAL,ILP,750.0,Historical
2025-11-01,MS,DIGITAL,PDL,25.0,Historical
2025-11-01,MS,PHYSICAL,ILP,2531.0,Historical
2025-11-01,MS,PHYSICAL,PDL,108.0,Historical
2025-11-01,MS,UNKNOWN,ILP,0.0,Historical
2025-11-01,NV,DIGITAL,ILP,165.0,Historical
2025-11-01,NV,DIGITAL,PDL,0.0,Historical
2025-11-01,NV,PHYSICAL,ILP,491.0,Historical
2025-11-01,NV,PHYSICAL,PDL,0.0,Historical
2025-11-01,NV,UNKNOWN,ILP,-1.0,Historical
2025-11-01,OH,DIGITAL,ILP,1552.0,Historical
2025-11-01,OH,DIGITAL,PDL,0.0,Historical
2025-11-01,OH,PHYSICAL,ILP,4736.0,Historical
2025-11-01,OH,PHYSICAL,PDL,0.0,Historical
2025-11-01,OH,UNKNOWN,ILP,0.0,Historical
2025-11-01,OK,DIGITAL,ILP,799.0,Historical
2025-11-01,OK,PHYSICAL,ILP,1823.0,Historical
2025-11-01,OK,PHYSICAL,PDL,0.0,Historical
2025-11-01,OK,UNKNOWN,ILP,0.0,Historical
2025-11-01,RI,DIGITAL,PDL,996.0,Historical
2025-11-01,RI,PHYSICAL,PDL,6136.0,Historical
2025-11-01,SC,DIGITAL,PDL,0.0,Historical
2025-11-01,SC,PHYSICAL,PDL,0.0,Historical
2025-11-01,TN,DIGITAL,ILP,0.0,Historical
2025-11-01,TN,DIGITAL,PDL,58.0,Historical
2025-11-01,TN,PHYSICAL,ILP,0.0,Historical
2025-11-01,TN,PHYSICAL,PDL,185.0,Historical
2025-11-01,TX,DIGITAL,ILP,3593.0,Historical
2025-11-01,TX,DIGITAL,PDL,668.0,Historical
2025-11-01,TX,PHYSICAL,ILP,6198.0,Historical
2025-11-01,TX,PHYSICAL,PDL,359.0,Historical
2025-11-01,TX,UNKNOWN,ILP,-10.0,Historical
2025-11-01,UT,DIGITAL,ILP,86.0,Historical
2025-11-01,UT,DIGITAL,PDL,0.0,Historical
2025-11-01,UT,PHYSICAL,ILP,14.0,Historical
2025-11-01,UT,PHYSICAL,PDL,0.0,Historical
2025-11-01,WI,DIGITAL,ILP,413.0,Historical
2025-11-01,WI,DIGITAL,PDL,0.0,Historical
2025-11-01,WI,PHYSICAL,ILP,551.0,Historical
2025-11-01,WI,PHYSICAL,PDL,0.0,Historical
2025-11-01,WI,UNKNOWN,ILP,0.0,Historical
2025-11-01,WY,DIGITAL,PDL,682.0,Historical
2025-11-01,WY,PHYSICAL,ILP,0.0,Historical
2025-11-01,WY,PHYSICAL,PDL,2549.0,Historical
2025-12-01,AL,DIGITAL,ILP,1024.0,Historical
2025-12-01,AL,DIGITAL,PDL,0.0,Historical
2025-12-01,AL,PHYSICAL,ILP,5085.0,Historical
2025-12-01,AL,PHYSICAL,PDL,0.0,Historical
2025-12-01,AL,UNKNOWN,ILP,-1.0,Historical
2025-12-01,CA,DIGITAL,ILP,0.0,Historical
2025-12-01,CA,DIGITAL,PDL,20162.0,Historical
2025-12-01,CA,PHYSICAL,ILP,0.0,Historical
2025-12-01,CA,PHYSICAL,PDL,64612.0,Historical
2025-12-01,CA,UNKNOWN,PDL,0.0,Historical
2025-12-01,CO,DIGITAL,ILP,0.0,Historical
2025-12-01,CO,DIGITAL,PDL,0.0,Historical
2025-12-01,CO,PHYSICAL,ILP,0.0,Historical
2025-12-01,CO,PHYSICAL,PDL,0.0,Historical
2025-12-01,DE,DIGITAL,ILP,121.0,Historical
2025-12-01,DE,PHYSICAL,ILP,222.0,Historical
2025-12-01,FL,DIGITAL,ILP,7507.0,Historical
2025-12-01,FL,DIGITAL,PDL,2185.0,Historical
2025-12-01,FL,PHYSICAL,ILP,26408.0,Historical
2025-12-01,FL,PHYSICAL,PDL,15411.0,Historical
2025-12-01,FL,UNKNOWN,ILP,0.0,Historical
2025-12-01,IA,DIGITAL,PDL,2235.0,Historical
2025-12-01,IA,PHYSICAL,ILP,0.0,Historical
2025-12-01,IA,PHYSICAL,PDL,9069.0,Historical
2025-12-01,IA,UNKNOWN,PDL,0.0,Historical
2025-12-01,ID,DIGITAL,ILP,78.0,Historical
2025-12-01,ID,PHYSICAL,ILP,74.0,Historical
2025-12-01,IN,DIGITAL,PDL,3079.0,Historical
2025-12-01,IN,PHYSICAL,PDL,14587.0,Historical
2025-12-01,KS,DIGITAL,ILP,0.0,Historical
2025-12-01,KS,DIGITAL,PDL,0.0,Historical
2025-12-01,KS,PHYSICAL,ILP,0.0,Historical
2025-12-01,KS,PHYSICAL,PDL,0.0,Historical
2025-12-01,KY,DIGITAL,PDL,1077.0,Historical
2025-12-01,KY,PHYSICAL,ILP,0.0,Historical
2025-12-01,KY,PHYSICAL,PDL,7940.0,Historical
2025-12-01,KY,UNKNOWN,PDL,0.0,Historical
2025-12-01,LA,DIGITAL,PDL,2607.0,Historical
2025-12-01,LA,PHYSICAL,ILP,0.0,Historical
2025-12-01,LA,PHYSICAL,PDL,13495.0,Historical
2025-12-01,MI,DIGITAL,ILP,0.0,Historical
2025-12-01,MI,DIGITAL,PDL,13876.0,Historical
2025-12-01,MI,PHYSICAL,ILP,0.0,Historical
2025-12-01,MI,PHYSICAL,PDL,47774.0,Historical
2025-12-01,MI,UNKNOWN,PDL,0.0,Historical
2025-12-01,MO,DIGITAL,ILP,620.0,Historical
2025-12-01,MO,DIGITAL,PDL,0.0,Historical
2025-12-01,MO,PHYSICAL,ILP,1244.0,Historical
2025-12-01,MO,PHYSICAL,PDL,0.0,Historical
2025-12-01,MS,DIGITAL,ILP,844.0,Historical
2025-12-01,MS,DIGITAL,PDL,19.0,Historical
2025-12-01,MS,PHYSICAL,ILP,3128.0,Historical
2025-12-01,MS,PHYSICAL,PDL,137.0,Historical
2025-12-01,MS,UNKNOWN,ILP,0.0,Historical
2025-12-01,NV,DIGITAL,ILP,202.0,Historical
2025-12-01,NV,DIGITAL,PDL,0.0,Historical
2025-12-01,NV,PHYSICAL,ILP,613.0,Historical
2025-12-01,NV,PHYSICAL,PDL,0.0,Historical
2025-12-01,NV,UNKNOWN,ILP,0.0,Historical
2025-12-01,OH,DIGITAL,ILP,2015.0,Historical
2025-12-01,OH,DIGITAL,PDL,0.0,Historical
2025-12-01,OH,PHYSICAL,ILP,6409.0,Historical
2025-12-01,OH,PHYSICAL,PDL,0.0,Historical
2025-12-01,OH,UNKNOWN,ILP,0.0,Historical
2025-12-01,OK,DIGITAL,ILP,1003.0,Historical
2025-12-01,OK,PHYSICAL,ILP,2296.0,Historical
2025-12-01,OK,PHYSICAL,PDL,0.0,Historical
2025-12-01,OK,UNKNOWN,ILP,0.0,Historical
2025-12-01,RI,DIGITAL,PDL,1133.0,Historical
2025-12-01,RI,PHYSICAL,PDL,7076.0,Historical
2025-12-01,SC,DIGITAL,PDL,0.0,Historical
2025-12-01,SC,PHYSICAL,PDL,0.0,Historical
2025-12-01,TN,DIGITAL,ILP,0.0,Historical
2025-12-01,TN,DIGITAL,PDL,59.0,Historical
2025-12-01,TN,PHYSICAL,ILP,0.0,Historical
2025-12-01,TN,PHYSICAL,PDL,236.0,Historical
2025-12-01,TX,DIGITAL,ILP,4074.0,Historical
2025-12-01,TX,DIGITAL,PDL,743.0,Historical
2025-12-01,TX,PHYSICAL,ILP,7772.0,Historical
2025-12-01,TX,PHYSICAL,PDL,388.0,Historical
2025-12-01,TX,UNKNOWN,ILP,-3.0,Historical
2025-12-01,UT,DIGITAL,ILP,85.0,Historical
2025-12-01,UT,DIGITAL,PDL,0.0,Historical
2025-12-01,UT,PHYSICAL,ILP,9.0,Historical
2025-12-01,UT,PHYSICAL,PDL,0.0,Historical
2025-12-01,WI,DIGITAL,ILP,484.0,Historical
2025-12-01,WI,DIGITAL,PDL,0.0,Historical
2025-12-01,WI,PHYSICAL,ILP,705.0,Historical
2025-12-01,WI,PHYSICAL,PDL,0.0,Historical
2025-12-01,WY,DIGITAL,PDL,766.0,Historical
2025-12-01,WY,PHYSICAL,ILP,0.0,Historical
2025-12-01,WY,PHYSICAL,PDL,3031.0,Historical
2026-01-01,AL,DIGITAL,ILP,896.0,Historical
2026-01-01,AL,DIGITAL,PDL,0.0,Historical
2026-01-01,AL,PHYSICAL,ILP,3933.0,Historical
2026-01-01,AL,PHYSICAL,PDL,0.0,Historical
2026-01-01,AL,UNKNOWN,ILP,-2.0,Historical
2026-01-01,CA,DIGITAL,ILP,0.0,Historical
2026-01-01,CA,DIGITAL,PDL,20212.0,Historical
2026-01-01,CA,PHYSICAL,ILP,0.0,Historical
2026-01-01,CA,PHYSICAL,PDL,62862.0,Historical
2026-01-01,CA,UNKNOWN,PDL,-13.0,Historical
2026-01-01,CO,DIGITAL,ILP,0.0,Historical
2026-01-01,CO,DIGITAL,PDL,0.0,Historical
2026-01-01,CO,PHYSICAL,ILP,0.0,Historical
2026-01-01,CO,PHYSICAL,PDL,0.0,Historical
2026-01-01,DE,DIGITAL,ILP,80.0,Historical
2026-01-01,DE,PHYSICAL,ILP,211.0,Historical
2026-01-01,DE,UNKNOWN,ILP,0.0,Historical
2026-01-01,FL,DIGITAL,ILP,6711.0,Historical
2026-01-01,FL,DIGITAL,PDL,2252.0,Historical
2026-01-01,FL,PHYSICAL,ILP,23048.0,Historical
2026-01-01,FL,PHYSICAL,PDL,15376.0,Historical
2026-01-01,FL,UNKNOWN,ILP,-8.0,Historical
2026-01-01,FL,UNKNOWN,PDL,-3.0,Historical
2026-01-01,IA,DIGITAL,PDL,2358.0,Historical
2026-01-01,IA,PHYSICAL,ILP,0.0,Historical
2026-01-01,IA,PHYSICAL,PDL,9306.0,Historical
2026-01-01,IA,UNKNOWN,PDL,-1.0,Historical
2026-01-01,ID,DIGITAL,ILP,68.0,Historical
2026-01-01,ID,PHYSICAL,ILP,55.0,Historical
2026-01-01,IN,DIGITAL,PDL,3126.0,Historical
2026-01-01,IN,PHYSICAL,PDL,13833.0,Historical
2026-01-01,IN,UNKNOWN,PDL,-4.0,Historical
2026-01-01,KS,DIGITAL,ILP,0.0,Historical
2026-01-01,KS,DIGITAL,PDL,0.0,Historical
2026-01-01,KS,PHYSICAL,ILP,0.0,Historical
2026-01-01,KS,PHYSICAL,PDL,0.0,Historical
2026-01-01,KY,DIGITAL,PDL,1111.0,Historical
2026-01-01,KY,PHYSICAL,ILP,0.0,Historical
2026-01-01,KY,PHYSICAL,PDL,7561.0,Historical
2026-01-01,KY,UNKNOWN,PDL,1.0,Historical
2026-01-01,LA,DIGITAL,PDL,2712.0,Historical
2026-01-01,LA,PHYSICAL,ILP,0.0,Historical
2026-01-01,LA,PHYSICAL,PDL,12732.0,Historical
2026-01-01,LA,UNKNOWN,PDL,-5.0,Historical
2026-01-01,MI,DIGITAL,ILP,0.0,Historical
2026-01-01,MI,DIGITAL,PDL,13924.0,Historical
2026-01-01,MI,PHYSICAL,ILP,0.0,Historical
2026-01-01,MI,PHYSICAL,PDL,47351.0,Historical
2026-01-01,MI,UNKNOWN,PDL,-14.0,Historical
2026-01-01,MO,DIGITAL,ILP,531.0,Historical
2026-01-01,MO,DIGITAL,PDL,0.0,Historical
2026-01-01,MO,PHYSICAL,ILP,979.0,Historical
2026-01-01,MO,PHYSICAL,PDL,0.0,Historical
2026-01-01,MO,UNKNOWN,ILP,-1.0,Historical
2026-01-01,MS,DIGITAL,ILP,737.0,Historical
2026-01-01,MS,DIGITAL,PDL,22.0,Historical
2026-01-01,MS,PHYSICAL,ILP,2365.0,Historical
2026-01-01,MS,PHYSICAL,PDL,102.0,Historical
2026-01-01,MS,UNKNOWN,ILP,-4.0,Historical
2026-01-01,MS,UNKNOWN,PDL,0.0,Historical
2026-01-01,NV,DIGITAL,ILP,162.0,Historical
2026-01-01,NV,DIGITAL,PDL,0.0,Historical
2026-01-01,NV,PHYSICAL,ILP,498.0,Historical
2026-01-01,NV,PHYSICAL,PDL,0.0,Historical
2026-01-01,NV,UNKNOWN,ILP,0.0,Historical
2026-01-01,OH,DIGITAL,ILP,1554.0,Historical
2026-01-01,OH,DIGITAL,PDL,0.0,Historical
2026-01-01,OH,PHYSICAL,ILP,4122.0,Historical
2026-01-01,OH,PHYSICAL,PDL,0.0,Historical
2026-01-01,OH,UNKNOWN,ILP,-3.0,Historical
2026-01-01,OK,DIGITAL,ILP,791.0,Historical
2026-01-01,OK,PHYSICAL,ILP,1739.0,Historical
2026-01-01,OK,PHYSICAL,PDL,0.0,Historical
2026-01-01,OK,UNKNOWN,ILP,-2.0,Historical
2026-01-01,RI,DIGITAL,PDL,1191.0,Historical
2026-01-01,RI,PHYSICAL,PDL,6858.0,Historical
2026-01-01,RI,UNKNOWN,PDL,-2.0,Historical
2026-01-01,SC,DIGITAL,PDL,0.0,Historical
2026-01-01,SC,PHYSICAL,PDL,0.0,Historical
2026-01-01,TN,DIGITAL,ILP,0.0,Historical
2026-01-01,TN,DIGITAL,PDL,75.0,Historical
2026-01-01,TN,PHYSICAL,ILP,0.0,Historical
2026-01-01,TN,PHYSICAL,PDL,174.0,Historical
2026-01-01,TX,DIGITAL,ILP,3337.0,Historical
2026-01-01,TX,DIGITAL,PDL,678.0,Historical
2026-01-01,TX,PHYSICAL,ILP,6212.0,Historical
2026-01-01,TX,PHYSICAL,PDL,329.0,Historical
2026-01-01,TX,UNKNOWN,ILP,-29.0,Historical
2026-01-01,TX,UNKNOWN,PDL,4.0,Historical
2026-01-01,UT,DIGITAL,ILP,60.0,Historical
2026-01-01,UT,DIGITAL,PDL,0.0,Historical
2026-01-01,UT,PHYSICAL,ILP,9.0,Historical
2026-01-01,UT,PHYSICAL,PDL,0.0,Historical
2026-01-01,WI,DIGITAL,ILP,399.0,Historical
2026-01-01,WI,DIGITAL,PDL,0.0,Historical
2026-01-01,WI,PHYSICAL,ILP,542.0,Historical
2026-01-01,WI,PHYSICAL,PDL,0.0,Historical
2026-01-01,WI,UNKNOWN,ILP,-1.0,Historical
2026-01-01,WY,DIGITAL,PDL,787.0,Historical
2026-01-01,WY,PHYSICAL,ILP,0.0,Historical
2026-01-01,WY,PHYSICAL,PDL,2884.0,Historical
2026-01-01,WY,UNKNOWN,PDL,-1.0,Historical
2026-02-01,AL,DIGITAL,ILP,718.0,Historical
2026-02-01,AL,DIGITAL,PDL,0.0,Historical
2026-02-01,AL,PHYSICAL,ILP,3409.0,Historical
2026-02-01,AL,PHYSICAL,PDL,0.0,Historical
2026-02-01,AL,UNKNOWN,ILP,-1.0,Historical
2026-02-01,CA,DIGITAL,ILP,0.0,Historical
2026-02-01,CA,DIGITAL,PDL,16947.0,Historical
2026-02-01,CA,PHYSICAL,ILP,0.0,Historical
2026-02-01,CA,PHYSICAL,PDL,53618.0,Historical
2026-02-01,CA,UNKNOWN,PDL,-11.0,Historical
2026-02-01,CO,DIGITAL,ILP,0.0,Historical
2026-02-01,CO,DIGITAL,PDL,0.0,Historical
2026-02-01,CO,PHYSICAL,ILP,0.0,Historical
2026-02-01,CO,PHYSICAL,PDL,0.0,Historical
2026-02-01,DE,DIGITAL,ILP,74.0,Historical
2026-02-01,DE,PHYSICAL,ILP,158.0,Historical
2026-02-01,DE,UNKNOWN,ILP,0.0,Historical
2026-02-01,FL,DIGITAL,ILP,5748.0,Historical
2026-02-01,FL,DIGITAL,PDL,1793.0,Historical
2026-02-01,FL,PHYSICAL,ILP,20308.0,Historical
2026-02-01,FL,PHYSICAL,PDL,13204.0,Historical
2026-02-01,FL,UNKNOWN,ILP,-3.0,Historical
2026-02-01,FL,UNKNOWN,PDL,-3.0,Historical
2026-02-01,IA,DIGITAL,PDL,1947.0,Historical
2026-02-01,IA,PHYSICAL,ILP,0.0,Historical
2026-02-01,IA,PHYSICAL,PDL,7610.0,Historical
2026-02-01,IA,UNKNOWN,PDL,0.0,Historical
2026-02-01,ID,DIGITAL,ILP,57.0,Historical
2026-02-01,ID,PHYSICAL,ILP,43.0,Historical
2026-02-01,IN,DIGITAL,PDL,2562.0,Historical
2026-02-01,IN,PHYSICAL,PDL,11735.0,Historical
2026-02-01,IN,UNKNOWN,PDL,-1.0,Historical
2026-02-01,KS,DIGITAL,ILP,0.0,Historical
2026-02-01,KS,DIGITAL,PDL,0.0,Historical
2026-02-01,KS,PHYSICAL,ILP,0.0,Historical
2026-02-01,KS,PHYSICAL,PDL,0.0,Historical
2026-02-01,KY,DIGITAL,PDL,933.0,Historical
2026-02-01,KY,PHYSICAL,ILP,0.0,Historical
2026-02-01,KY,PHYSICAL,PDL,6637.0,Historical
2026-02-01,KY,UNKNOWN,PDL,0.0,Historical
2026-02-01,LA,DIGITAL,PDL,2182.0,Historical
2026-02-01,LA,PHYSICAL,ILP,0.0,Historical
2026-02-01,LA,PHYSICAL,PDL,11184.0,Historical
2026-02-01,LA,UNKNOWN,PDL,-3.0,Historical
2026-02-01,MI,DIGITAL,ILP,0.0,Historical
2026-02-01,MI,DIGITAL,PDL,11727.0,Historical
2026-02-01,MI,PHYSICAL,ILP,0.0,Historical
2026-02-01,MI,PHYSICAL,PDL,39686.0,Historical
2026-02-01,MI,UNKNOWN,PDL,-6.0,Historical
2026-02-01,MO,DIGITAL,ILP,463.0,Historical
2026-02-01,MO,DIGITAL,PDL,0.0,Historical
2026-02-01,MO,PHYSICAL,ILP,835.0,Historical
2026-02-01,MO,PHYSICAL,PDL,0.0,Historical
2026-02-01,MO,UNKNOWN,ILP,0.0,Historical
2026-02-01,MS,DIGITAL,ILP,609.0,Historical
2026-02-01,MS,DIGITAL,PDL,12.0,Historical
2026-02-01,MS,PHYSICAL,ILP,2230.0,Historical
2026-02-01,MS,PHYSICAL,PDL,101.0,Historical
2026-02-01,MS,UNKNOWN,ILP,-1.0,Historical
2026-02-01,MS,UNKNOWN,PDL,0.0,Historical
2026-02-01,NV,DIGITAL,ILP,157.0,Historical
2026-02-01,NV,DIGITAL,PDL,0.0,Historical
2026-02-01,NV,PHYSICAL,ILP,461.0,Historical
2026-02-01,NV,PHYSICAL,PDL,0.0,Historical
2026-02-01,NV,UNKNOWN,ILP,-2.0,Historical
2026-02-01,OH,DIGITAL,ILP,1369.0,Historical
2026-02-01,OH,DIGITAL,PDL,0.0,Historical
2026-02-01,OH,PHYSICAL,ILP,4111.0,Historical
2026-02-01,OH,PHYSICAL,PDL,0.0,Historical
2026-02-01,OH,UNKNOWN,ILP,-3.0,Historical
2026-02-01,OK,DIGITAL,ILP,699.0,Historical
2026-02-01,OK,PHYSICAL,ILP,1586.0,Historical
2026-02-01,OK,PHYSICAL,PDL,0.0,Historical
2026-02-01,OK,UNKNOWN,ILP,1.0,Historical
2026-02-01,RI,DIGITAL,PDL,1000.0,Historical
2026-02-01,RI,PHYSICAL,PDL,5854.0,Historical
2026-02-01,RI,UNKNOWN,PDL,0.0,Historical
2026-02-01,SC,DIGITAL,PDL,0.0,Historical
2026-02-01,SC,PHYSICAL,PDL,0.0,Historical
2026-02-01,TN,DIGITAL,ILP,0.0,Historical
2026-02-01,TN,DIGITAL,PDL,50.0,Historical
2026-02-01,TN,PHYSICAL,ILP,0.0,Historical
2026-02-01,TN,PHYSICAL,PDL,160.0,Historical
2026-02-01,TX,DIGITAL,ILP,2877.0,Historical
2026-02-01,TX,DIGITAL,PDL,498.0,Historical
2026-02-01,TX,PHYSICAL,ILP,5338.0,Historical
2026-02-01,TX,PHYSICAL,PDL,257.0,Historical
2026-02-01,TX,UNKNOWN,ILP,-13.0,Historical
2026-02-01,TX,UNKNOWN,PDL,-5.0,Historical
2026-02-01,UT,DIGITAL,ILP,57.0,Historical
2026-02-01,UT,DIGITAL,PDL,0.0,Historical
2026-02-01,UT,PHYSICAL,ILP,11.0,Historical
2026-02-01,UT,PHYSICAL,PDL,0.0,Historical
2026-02-01,WI,DIGITAL,ILP,334.0,Historical
2026-02-01,WI,DIGITAL,PDL,0.0,Historical
2026-02-01,WI,PHYSICAL,ILP,478.0,Historical
2026-02-01,WI,PHYSICAL,PDL,0.0,Historical
2026-02-01,WI,UNKNOWN,ILP,-1.0,Historical
2026-02-01,WY,DIGITAL,PDL,667.0,Historical
2026-02-01,WY,PHYSICAL,ILP,0.0,Historical
2026-02-01,WY,PHYSICAL,PDL,2472.0,Historical
2026-02-01,WY,UNKNOWN,PDL,-2.0,Historical
2026-03-01,AL,DIGITAL,ILP,861.0,Historical
2026-03-01,AL,DIGITAL,PDL,0.0,Historical
2026-03-01,AL,PHYSICAL,ILP,3854.0,Historical
2026-03-01,AL,PHYSICAL,PDL,0.0,Historical
2026-03-01,AL,UNKNOWN,ILP,0.0,Historical
2026-03-01,CA,DIGITAL,ILP,0.0,Historical
2026-03-01,CA,DIGITAL,PDL,17502.0,Historical
2026-03-01,CA,PHYSICAL,ILP,0.0,Historical
2026-03-01,CA,PHYSICAL,PDL,52107.0,Historical
2026-03-01,CA,UNKNOWN,PDL,0.0,Historical
2026-03-01,CO,DIGITAL,ILP,0.0,Historical
2026-03-01,CO,DIGITAL,PDL,0.0,Historical
2026-03-01,CO,PHYSICAL,ILP,0.0,Historical
2026-03-01,CO,PHYSICAL,PDL,0.0,Historical
2026-03-01,DE,DIGITAL,ILP,93.0,Historical
2026-03-01,DE,PHYSICAL,ILP,205.0,Historical
2026-03-01,DE,UNKNOWN,ILP,0.0,Historical
2026-03-01,FL,DIGITAL,ILP,6480.0,Historical
2026-03-01,FL,DIGITAL,PDL,1801.0,Historical
2026-03-01,FL,PHYSICAL,ILP,21458.0,Historical
2026-03-01,FL,PHYSICAL,PDL,12960.0,Historical
2026-03-01,FL,UNKNOWN,ILP,0.0,Historical
2026-03-01,FL,UNKNOWN,PDL,0.0,Historical
2026-03-01,IA,DIGITAL,PDL,1882.0,Historical
2026-03-01,IA,PHYSICAL,ILP,0.0,Historical
2026-03-01,IA,PHYSICAL,PDL,7462.0,Historical
2026-03-01,IA,UNKNOWN,PDL,0.0,Historical
2026-03-01,ID,DIGITAL,ILP,57.0,Historical
2026-03-01,ID,PHYSICAL,ILP,58.0,Historical
2026-03-01,ID,PHYSICAL,PDL,0.0,Historical
2026-03-01,IN,DIGITAL,PDL,2561.0,Historical
2026-03-01,IN,PHYSICAL,PDL,11254.0,Historical
2026-03-01,IN,UNKNOWN,PDL,0.0,Historical
2026-03-01,KS,DIGITAL,ILP,0.0,Historical
2026-03-01,KS,DIGITAL,PDL,0.0,Historical
2026-03-01,KS,PHYSICAL,ILP,0.0,Historical
2026-03-01,KS,PHYSICAL,PDL,0.0,Historical
2026-03-01,KY,DIGITAL,PDL,921.0,Historical
2026-03-01,KY,PHYSICAL,ILP,0.0,Historical
2026-03-01,KY,PHYSICAL,PDL,6156.0,Historical
2026-03-01,KY,UNKNOWN,PDL,0.0,Historical
2026-03-01,LA,DIGITAL,PDL,2160.0,Historical
2026-03-01,LA,PHYSICAL,ILP,0.0,Historical
2026-03-01,LA,PHYSICAL,PDL,10139.0,Historical
2026-03-01,LA,UNKNOWN,PDL,0.0,Historical
2026-03-01,MI,DIGITAL,ILP,0.0,Historical
2026-03-01,MI,DIGITAL,PDL,11621.0,Historical
2026-03-01,MI,PHYSICAL,ILP,0.0,Historical
2026-03-01,MI,PHYSICAL,PDL,40088.0,Historical
2026-03-01,MI,UNKNOWN,PDL,0.0,Historical
2026-03-01,MO,DIGITAL,ILP,483.0,Historical
2026-03-01,MO,DIGITAL,PDL,0.0,Historical
2026-03-01,MO,PHYSICAL,ILP,974.0,Historical
2026-03-01,MO,PHYSICAL,PDL,0.0,Historical
2026-03-01,MO,UNKNOWN,ILP,0.0,Historical
2026-03-01,MS,DIGITAL,ILP,667.0,Historical
2026-03-01,MS,DIGITAL,PDL,12.0,Historical
2026-03-01,MS,PHYSICAL,ILP,2323.0,Historical
2026-03-01,MS,PHYSICAL,PDL,78.0,Historical
2026-03-01,MS,UNKNOWN,ILP,0.0,Historical
2026-03-01,MS,UNKNOWN,PDL,0.0,Historical
2026-03-01,NV,DIGITAL,ILP,203.0,Historical
2026-03-01,NV,DIGITAL,PDL,0.0,Historical
2026-03-01,NV,PHYSICAL,ILP,552.0,Historical
2026-03-01,NV,PHYSICAL,PDL,0.0,Historical
2026-03-01,NV,UNKNOWN,ILP,0.0,Historical
2026-03-01,OH,DIGITAL,ILP,1639.0,Historical
2026-03-01,OH,DIGITAL,PDL,0.0,Historical
2026-03-01,OH,PHYSICAL,ILP,4545.0,Historical
2026-03-01,OH,PHYSICAL,PDL,0.0,Historical
2026-03-01,OH,UNKNOWN,ILP,0.0,Historical
2026-03-01,OK,DIGITAL,ILP,804.0,Historical
2026-03-01,OK,PHYSICAL,ILP,1849.0,Historical
2026-03-01,OK,PHYSICAL,PDL,0.0,Historical
2026-03-01,OK,UNKNOWN,ILP,0.0,Historical
2026-03-01,RI,DIGITAL,PDL,1011.0,Historical
2026-03-01,RI,PHYSICAL,PDL,5481.0,Historical
2026-03-01,RI,UNKNOWN,PDL,0.0,Historical
2026-03-01,SC,DIGITAL,PDL,0.0,Historical
2026-03-01,SC,PHYSICAL,PDL,0.0,Historical
2026-03-01,TN,DIGITAL,ILP,0.0,Historical
2026-03-01,TN,DIGITAL,PDL,54.0,Historical
2026-03-01,TN,PHYSICAL,ILP,0.0,Historical
2026-03-01,TN,PHYSICAL,PDL,138.0,Historical
2026-03-01,TX,DIGITAL,ILP,3025.0,Historical
2026-03-01,TX,DIGITAL,PDL,425.0,Historical
2026-03-01,TX,PHYSICAL,ILP,5859.0,Historical
2026-03-01,TX,PHYSICAL,PDL,205.0,Historical
2026-03-01,TX,UNKNOWN,ILP,0.0,Historical
2026-03-01,TX,UNKNOWN,PDL,0.0,Historical
2026-03-01,UT,DIGITAL,ILP,72.0,Historical
2026-03-01,UT,DIGITAL,PDL,0.0,Historical
2026-03-01,UT,PHYSICAL,ILP,10.0,Historical
2026-03-01,UT,PHYSICAL,PDL,0.0,Historical
2026-03-01,WI,DIGITAL,ILP,390.0,Historical
2026-03-01,WI,DIGITAL,PDL,0.0,Historical
2026-03-01,WI,PHYSICAL,ILP,520.0,Historical
2026-03-01,WI,PHYSICAL,PDL,0.0,Historical
2026-03-01,WI,UNKNOWN,ILP,0.0,Historical
2026-03-01,WY,DIGITAL,PDL,731.0,Historical
2026-03-01,WY,PHYSICAL,ILP,0.0,Historical
2026-03-01,WY,PHYSICAL,PDL,2478.0,Historical
2026-03-01,WY,UNKNOWN,PDL,0.0,Historical
2026-04-01,AL,DIGITAL,ILP,882.0,Historical
2026-04-01,AL,DIGITAL,PDL,0.0,Historical
2026-04-01,AL,PHYSICAL,ILP,4380.0,Historical
2026-04-01,AL,PHYSICAL,PDL,0.0,Historical
2026-04-01,AL,UNKNOWN,ILP,0.0,Historical
2026-04-01,CA,DIGITAL,ILP,0.0,Historical
2026-04-01,CA,DIGITAL,PDL,18224.0,Historical
2026-04-01,CA,PHYSICAL,ILP,0.0,Historical
2026-04-01,CA,PHYSICAL,PDL,55047.0,Historical
2026-04-01,CA,UNKNOWN,PDL,0.0,Historical
2026-04-01,CO,DIGITAL,ILP,0.0,Historical
2026-04-01,CO,DIGITAL,PDL,0.0,Historical
2026-04-01,CO,PHYSICAL,ILP,0.0,Historical
2026-04-01,CO,PHYSICAL,PDL,0.0,Historical
2026-04-01,DE,DIGITAL,ILP,88.0,Historical
2026-04-01,DE,PHYSICAL,ILP,193.0,Historical
2026-04-01,FL,DIGITAL,ILP,6719.0,Historical
2026-04-01,FL,DIGITAL,PDL,1894.0,Historical
2026-04-01,FL,PHYSICAL,ILP,22571.0,Historical
2026-04-01,FL,PHYSICAL,PDL,13611.0,Historical
2026-04-01,FL,UNKNOWN,ILP,0.0,Historical
2026-04-01,FL,UNKNOWN,PDL,0.0,Historical
2026-04-01,IA,DIGITAL,PDL,1935.0,Historical
2026-04-01,IA,PHYSICAL,ILP,0.0,Historical
2026-04-01,IA,PHYSICAL,PDL,7732.0,Historical
2026-04-01,ID,DIGITAL,ILP,85.0,Historical
2026-04-01,ID,PHYSICAL,ILP,60.0,Historical
2026-04-01,IN,DIGITAL,PDL,2803.0,Historical
2026-04-01,IN,PHYSICAL,PDL,12270.0,Historical
2026-04-01,KS,DIGITAL,ILP,0.0,Historical
2026-04-01,KS,DIGITAL,PDL,0.0,Historical
2026-04-01,KS,PHYSICAL,ILP,0.0,Historical
2026-04-01,KS,PHYSICAL,PDL,0.0,Historical
2026-04-01,KY,DIGITAL,PDL,1015.0,Historical
2026-04-01,KY,PHYSICAL,ILP,0.0,Historical
2026-04-01,KY,PHYSICAL,PDL,6735.0,Historical
2026-04-01,LA,DIGITAL,PDL,2208.0,Historical
2026-04-01,LA,PHYSICAL,ILP,0.0,Historical
2026-04-01,LA,PHYSICAL,PDL,11749.0,Historical
2026-04-01,LA,UNKNOWN,PDL,0.0,Historical
2026-04-01,MI,DIGITAL,ILP,0.0,Historical
2026-04-01,MI,DIGITAL,PDL,12349.0,Historical
2026-04-01,MI,PHYSICAL,ILP,0.0,Historical
2026-04-01,MI,PHYSICAL,PDL,41354.0,Historical
2026-04-01,MI,UNKNOWN,PDL,0.0,Historical
2026-04-01,MO,DIGITAL,ILP,541.0,Historical
2026-04-01,MO,DIGITAL,PDL,0.0,Historical
2026-04-01,MO,PHYSICAL,ILP,1120.0,Historical
2026-04-01,MO,PHYSICAL,PDL,0.0,Historical
2026-04-01,MS,DIGITAL,ILP,774.0,Historical
2026-04-01,MS,DIGITAL,PDL,12.0,Historical
2026-04-01,MS,PHYSICAL,ILP,2720.0,Historical
2026-04-01,MS,PHYSICAL,PDL,97.0,Historical
2026-04-01,MS,UNKNOWN,ILP,0.0,Historical
2026-04-01,NV,DIGITAL,ILP,182.0,Historical
2026-04-01,NV,DIGITAL,PDL,0.0,Historical
2026-04-01,NV,PHYSICAL,ILP,574.0,Historical
2026-04-01,NV,PHYSICAL,PDL,0.0,Historical
2026-04-01,NV,UNKNOWN,ILP,0.0,Historical
2026-04-01,OH,DIGITAL,ILP,1855.0,Historical
2026-04-01,OH,DIGITAL,PDL,0.0,Historical
2026-04-01,OH,PHYSICAL,ILP,5069.0,Historical
2026-04-01,OH,PHYSICAL,PDL,0.0,Historical
2026-04-01,OH,UNKNOWN,ILP,0.0,Historical
2026-04-01,OK,DIGITAL,ILP,819.0,Historical
2026-04-01,OK,PHYSICAL,ILP,1857.0,Historical
2026-04-01,OK,PHYSICAL,PDL,0.0,Historical
2026-04-01,RI,DIGITAL,PDL,1104.0,Historical
2026-04-01,RI,PHYSICAL,PDL,6202.0,Historical
2026-04-01,SC,DIGITAL,PDL,0.0,Historical
2026-04-01,SC,PHYSICAL,PDL,0.0,Historical
2026-04-01,TN,DIGITAL,ILP,0.0,Historical
2026-04-01,TN,DIGITAL,PDL,45.0,Historical
2026-04-01,TN,PHYSICAL,ILP,0.0,Historical
2026-04-01,TN,PHYSICAL,PDL,156.0,Historical
2026-04-01,TX,DIGITAL,ILP,3329.0,Historical
2026-04-01,TX,DIGITAL,PDL,396.0,Historical
2026-04-01,TX,PHYSICAL,ILP,6515.0,Historical
2026-04-01,TX,PHYSICAL,PDL,199.0,Historical
2026-04-01,TX,UNKNOWN,ILP,-1.0,Historical
2026-04-01,UT,DIGITAL,ILP,73.0,Historical
2026-04-01,UT,DIGITAL,PDL,0.0,Historical
2026-04-01,UT,PHYSICAL,ILP,11.0,Historical
2026-04-01,UT,PHYSICAL,PDL,0.0,Historical
2026-04-01,WI,DIGITAL,ILP,376.0,Historical
2026-04-01,WI,DIGITAL,PDL,0.0,Historical
2026-04-01,WI,PHYSICAL,ILP,597.0,Historical
2026-04-01,WI,PHYSICAL,PDL,0.0,Historical
2026-04-01,WI,UNKNOWN,ILP,0.0,Historical
2026-04-01,WY,DIGITAL,PDL,744.0,Historical
2026-04-01,WY,PHYSICAL,ILP,0.0,Historical
2026-04-01,WY,PHYSICAL,PDL,2667.0,Historical
2026-04-01,WY,UNKNOWN,PDL,0.0,Historical
2026-05-01,AL,DIGITAL,ILP,887.0,Historical
2026-05-01,AL,DIGITAL,PDL,0.0,Historical
2026-05-01,AL,PHYSICAL,ILP,4132.0,Historical
2026-05-01,AL,PHYSICAL,PDL,0.0,Historical
2026-05-01,AL,UNKNOWN,ILP,0.0,Historical
2026-05-01,CA,DIGITAL,ILP,0.0,Historical
2026-05-01,CA,DIGITAL,PDL,19824.0,Historical
2026-05-01,CA,PHYSICAL,ILP,0.0,Historical
2026-05-01,CA,PHYSICAL,PDL,56557.0,Historical
2026-05-01,CA,UNKNOWN,PDL,0.0,Historical
2026-05-01,CO,DIGITAL,ILP,0.0,Historical
2026-05-01,CO,DIGITAL,PDL,0.0,Historical
2026-05-01,CO,PHYSICAL,ILP,0.0,Historical
2026-05-01,CO,PHYSICAL,PDL,0.0,Historical
2026-05-01,DE,DIGITAL,ILP,103.0,Historical
2026-05-01,DE,PHYSICAL,ILP,181.0,Historical
2026-05-01,FL,DIGITAL,ILP,7122.0,Historical
2026-05-01,FL,DIGITAL,PDL,2040.0,Historical
2026-05-01,FL,PHYSICAL,ILP,23558.0,Historical
2026-05-01,FL,PHYSICAL,PDL,13673.0,Historical
2026-05-01,FL,UNKNOWN,ILP,-1.0,Historical
2026-05-01,FL,UNKNOWN,PDL,0.0,Historical
2026-05-01,IA,DIGITAL,PDL,2200.0,Historical
2026-05-01,IA,PHYSICAL,ILP,0.0,Historical
2026-05-01,IA,PHYSICAL,PDL,8197.0,Historical
2026-05-01,ID,DIGITAL,ILP,69.0,Historical
2026-05-01,ID,PHYSICAL,ILP,47.0,Historical
2026-05-01,IN,DIGITAL,PDL,3111.0,Historical
2026-05-01,IN,PHYSICAL,PDL,12686.0,Historical
2026-05-01,KS,DIGITAL,ILP,0.0,Historical
2026-05-01,KS,DIGITAL,PDL,0.0,Historical
2026-05-01,KS,PHYSICAL,ILP,0.0,Historical
2026-05-01,KS,PHYSICAL,PDL,0.0,Historical
2026-05-01,KY,DIGITAL,PDL,891.0,Historical
2026-05-01,KY,PHYSICAL,ILP,0.0,Historical
2026-05-01,KY,PHYSICAL,PDL,6299.0,Historical
2026-05-01,LA,DIGITAL,PDL,2054.0,Historical
2026-05-01,LA,PHYSICAL,ILP,0.0,Historical
2026-05-01,LA,PHYSICAL,PDL,11135.0,Historical
2026-05-01,LA,UNKNOWN,PDL,0.0,Historical
2026-05-01,MI,DIGITAL,ILP,0.0,Historical
2026-05-01,MI,DIGITAL,PDL,13132.0,Historical
2026-05-01,MI,PHYSICAL,ILP,0.0,Historical
2026-05-01,MI,PHYSICAL,PDL,43708.0,Historical
2026-05-01,MI,UNKNOWN,PDL,0.0,Historical
2026-05-01,MO,DIGITAL,ILP,544.0,Historical
2026-05-01,MO,DIGITAL,PDL,0.0,Historical
2026-05-01,MO,PHYSICAL,ILP,1049.0,Historical
2026-05-01,MO,PHYSICAL,PDL,0.0,Historical
2026-05-01,MS,DIGITAL,ILP,773.0,Historical
2026-05-01,MS,DIGITAL,PDL,10.0,Historical
2026-05-01,MS,PHYSICAL,ILP,2467.0,Historical
2026-05-01,MS,PHYSICAL,PDL,63.0,Historical
2026-05-01,MS,UNKNOWN,ILP,0.0,Historical
2026-05-01,NV,DIGITAL,ILP,210.0,Historical
2026-05-01,NV,DIGITAL,PDL,0.0,Historical
2026-05-01,NV,PHYSICAL,ILP,539.0,Historical
2026-05-01,NV,PHYSICAL,PDL,0.0,Historical
2026-05-01,NV,UNKNOWN,ILP,0.0,Historical
2026-05-01,OH,DIGITAL,ILP,1882.0,Historical
2026-05-01,OH,DIGITAL,PDL,0.0,Historical
2026-05-01,OH,PHYSICAL,ILP,5047.0,Historical
2026-05-01,OH,PHYSICAL,PDL,0.0,Historical
2026-05-01,OH,UNKNOWN,ILP,0.0,Historical
2026-05-01,OK,DIGITAL,ILP,834.0,Historical
2026-05-01,OK,PHYSICAL,ILP,1841.0,Historical
2026-05-01,OK,PHYSICAL,PDL,0.0,Historical
2026-05-01,RI,DIGITAL,PDL,1166.0,Historical
2026-05-01,RI,PHYSICAL,PDL,6114.0,Historical
2026-05-01,SC,DIGITAL,PDL,0.0,Historical
2026-05-01,SC,PHYSICAL,PDL,0.0,Historical
2026-05-01,TN,DIGITAL,ILP,0.0,Historical
2026-05-01,TN,DIGITAL,PDL,52.0,Historical
2026-05-01,TN,PHYSICAL,ILP,0.0,Historical
2026-05-01,TN,PHYSICAL,PDL,147.0,Historical
2026-05-01,TX,DIGITAL,ILP,3501.0,Historical
2026-05-01,TX,DIGITAL,PDL,420.0,Historical
2026-05-01,TX,PHYSICAL,ILP,6515.0,Historical
2026-05-01,TX,PHYSICAL,PDL,170.0,Historical
2026-05-01,TX,UNKNOWN,ILP,0.0,Historical
2026-05-01,UT,DIGITAL,ILP,53.0,Historical
2026-05-01,UT,DIGITAL,PDL,0.0,Historical
2026-05-01,UT,PHYSICAL,ILP,7.0,Historical
2026-05-01,UT,PHYSICAL,PDL,0.0,Historical
2026-05-01,WI,DIGITAL,ILP,379.0,Historical
2026-05-01,WI,DIGITAL,PDL,0.0,Historical
2026-05-01,WI,PHYSICAL,ILP,616.0,Historical
2026-05-01,WI,PHYSICAL,PDL,0.0,Historical
2026-05-01,WY,DIGITAL,PDL,831.0,Historical
2026-05-01,WY,PHYSICAL,ILP,0.0,Historical
2026-05-01,WY,PHYSICAL,PDL,2619.0,Historical
2026-06-01,AL,DIGITAL,ILP,861.0,Historical
2026-06-01,AL,DIGITAL,PDL,0.0,Historical
2026-06-01,AL,PHYSICAL,ILP,4300.0,Historical
2026-06-01,AL,PHYSICAL,PDL,0.0,Historical
2026-06-01,AL,UNKNOWN,ILP,0.0,Historical
2026-06-01,CA,DIGITAL,ILP,0.0,Historical
2026-06-01,CA,DIGITAL,PDL,19424.0,Historical
2026-06-01,CA,PHYSICAL,ILP,0.0,Historical
2026-06-01,CA,PHYSICAL,PDL,55277.0,Historical
2026-06-01,CA,UNKNOWN,PDL,0.0,Historical
2026-06-01,CO,DIGITAL,ILP,0.0,Historical
2026-06-01,CO,DIGITAL,PDL,0.0,Historical
2026-06-01,CO,PHYSICAL,ILP,0.0,Historical
2026-06-01,CO,PHYSICAL,PDL,0.0,Historical
2026-06-01,DE,DIGITAL,ILP,96.0,Historical
2026-06-01,DE,PHYSICAL,ILP,215.0,Historical
2026-06-01,FL,DIGITAL,ILP,6785.0,Historical
2026-06-01,FL,DIGITAL,PDL,1874.0,Historical
2026-06-01,FL,PHYSICAL,ILP,22692.0,Historical
2026-06-01,FL,PHYSICAL,PDL,13168.0,Historical
2026-06-01,FL,UNKNOWN,ILP,0.0,Historical
2026-06-01,FL,UNKNOWN,PDL,0.0,Historical
2026-06-01,IA,DIGITAL,PDL,2178.0,Historical
2026-06-01,IA,PHYSICAL,ILP,0.0,Historical
2026-06-01,IA,PHYSICAL,PDL,7867.0,Historical
2026-06-01,ID,DIGITAL,ILP,60.0,Historical
2026-06-01,ID,PHYSICAL,ILP,41.0,Historical
2026-06-01,IN,DIGITAL,PDL,3007.0,Historical
2026-06-01,IN,PHYSICAL,PDL,12157.0,Historical
2026-06-01,KS,DIGITAL,ILP,0.0,Historical
2026-06-01,KS,DIGITAL,PDL,0.0,Historical
2026-06-01,KS,PHYSICAL,ILP,0.0,Historical
2026-06-01,KS,PHYSICAL,PDL,0.0,Historical
2026-06-01,KY,DIGITAL,PDL,895.0,Historical
2026-06-01,KY,PHYSICAL,ILP,0.0,Historical
2026-06-01,KY,PHYSICAL,PDL,6036.0,Historical
2026-06-01,LA,DIGITAL,PDL,1818.0,Historical
2026-06-01,LA,PHYSICAL,ILP,0.0,Historical
2026-06-01,LA,PHYSICAL,PDL,11341.0,Historical
2026-06-01,LA,UNKNOWN,PDL,0.0,Historical
2026-06-01,MI,DIGITAL,ILP,0.0,Historical
2026-06-01,MI,DIGITAL,PDL,12659.0,Historical
2026-06-01,MI,PHYSICAL,ILP,0.0,Historical
2026-06-01,MI,PHYSICAL,PDL,42752.0,Historical
2026-06-01,MO,DIGITAL,ILP,530.0,Historical
2026-06-01,MO,DIGITAL,PDL,0.0,Historical
2026-06-01,MO,PHYSICAL,ILP,1027.0,Historical
2026-06-01,MO,PHYSICAL,PDL,0.0,Historical
2026-06-01,MS,DIGITAL,ILP,732.0,Historical
2026-06-01,MS,DIGITAL,PDL,10.0,Historical
2026-06-01,MS,PHYSICAL,ILP,2558.0,Historical
2026-06-01,MS,PHYSICAL,PDL,84.0,Historical
2026-06-01,MS,UNKNOWN,ILP,0.0,Historical
2026-06-01,NV,DIGITAL,ILP,224.0,Historical
2026-06-01,NV,DIGITAL,PDL,0.0,Historical
2026-06-01,NV,PHYSICAL,ILP,548.0,Historical
2026-06-01,NV,PHYSICAL,PDL,0.0,Historical
2026-06-01,NV,UNKNOWN,ILP,0.0,Historical
2026-06-01,OH,DIGITAL,ILP,1940.0,Historical
2026-06-01,OH,DIGITAL,PDL,0.0,Historical
2026-06-01,OH,PHYSICAL,ILP,5152.0,Historical
2026-06-01,OH,PHYSICAL,PDL,0.0,Historical
2026-06-01,OH,UNKNOWN,ILP,0.0,Historical
2026-06-01,OK,DIGITAL,ILP,824.0,Historical
2026-06-01,OK,PHYSICAL,ILP,1793.0,Historical
2026-06-01,OK,PHYSICAL,PDL,0.0,Historical
2026-06-01,RI,DIGITAL,PDL,1135.0,Historical
2026-06-01,RI,PHYSICAL,PDL,6062.0,Historical
2026-06-01,SC,DIGITAL,PDL,0.0,Historical
2026-06-01,SC,PHYSICAL,PDL,0.0,Historical
2026-06-01,TN,DIGITAL,ILP,0.0,Historical
2026-06-01,TN,DIGITAL,PDL,60.0,Historical
2026-06-01,TN,PHYSICAL,ILP,0.0,Historical
2026-06-01,TN,PHYSICAL,PDL,154.0,Historical
2026-06-01,TX,DIGITAL,ILP,3595.0,Historical
2026-06-01,TX,DIGITAL,PDL,339.0,Historical
2026-06-01,TX,PHYSICAL,ILP,6287.0,Historical
2026-06-01,TX,PHYSICAL,PDL,161.0,Historical
2026-06-01,TX,UNKNOWN,ILP,0.0,Historical
2026-06-01,UT,DIGITAL,ILP,61.0,Historical
2026-06-01,UT,DIGITAL,PDL,0.0,Historical
2026-06-01,UT,PHYSICAL,ILP,12.0,Historical
2026-06-01,UT,PHYSICAL,PDL,0.0,Historical
2026-06-01,WI,DIGITAL,ILP,355.0,Historical
2026-06-01,WI,DIGITAL,PDL,0.0,Historical
2026-06-01,WI,PHYSICAL,ILP,590.0,Historical
2026-06-01,WI,PHYSICAL,PDL,0.0,Historical
2026-06-01,WY,DIGITAL,PDL,786.0,Historical
2026-06-01,WY,PHYSICAL,ILP,0.0,Historical
2026-06-01,WY,PHYSICAL,PDL,2660.0,Historical
2026-09-01,AL,DIGITAL,ILP,988.92,Forecast
2026-09-01,AL,DIGITAL,PDL,0.0,Forecast
2026-09-01,AL,PHYSICAL,ILP,4277.48,Forecast
2026-09-01,AL,PHYSICAL,PDL,0.0,Forecast
2026-09-01,CA,DIGITAL,ILP,0.0,Forecast
2026-09-01,CA,DIGITAL,PDL,15302.89,Forecast
2026-09-01,CA,PHYSICAL,ILP,0.0,Forecast
2026-09-01,CA,PHYSICAL,PDL,40093.0,Forecast
2026-09-01,CO,DIGITAL,ILP,0.0,Forecast
2026-09-01,CO,PHYSICAL,ILP,0.0,Forecast
2026-09-01,CO,PHYSICAL,PDL,0.0,Forecast
2026-09-01,DE,DIGITAL,ILP,107.01,Forecast
2026-09-01,DE,DIGITAL,PDL,0.0,Forecast
2026-09-01,DE,PHYSICAL,ILP,189.06,Forecast
2026-09-01,DE,PHYSICAL,PDL,0.0,Forecast
2026-09-01,FL,DIGITAL,ILP,7129.67,Forecast
2026-09-01,FL,DIGITAL,PDL,1566.15,Forecast
2026-09-01,FL,PHYSICAL,ILP,21356.45,Forecast
2026-09-01,FL,PHYSICAL,PDL,11857.68,Forecast
2026-09-01,IA,DIGITAL,PDL,1578.17,Forecast
2026-09-01,IA,PHYSICAL,PDL,5706.36,Forecast
2026-09-01,ID,DIGITAL,ILP,81.27,Forecast
2026-09-01,ID,DIGITAL,PDL,0.0,Forecast
2026-09-01,ID,PHYSICAL,ILP,51.87,Forecast
2026-09-01,ID,PHYSICAL,PDL,0.0,Forecast
2026-09-01,IN,DIGITAL,PDL,2766.14,Forecast
2026-09-01,IN,PHYSICAL,PDL,9866.75,Forecast
2026-09-01,KS,DIGITAL,PDL,0.47,Forecast
2026-09-01,KS,PHYSICAL,PDL,1.09,Forecast
2026-09-01,KY,DIGITAL,PDL,790.15,Forecast
2026-09-01,KY,PHYSICAL,PDL,4550.74,Forecast
2026-09-01,LA,DIGITAL,PDL,1542.1,Forecast
2026-09-01,LA,PHYSICAL,ILP,0.0,Forecast
2026-09-01,LA,PHYSICAL,PDL,8866.46,Forecast
2026-09-01,MI,DIGITAL,ILP,0.0,Forecast
2026-09-01,MI,DIGITAL,PDL,8320.83,Forecast
2026-09-01,MI,PHYSICAL,ILP,0.0,Forecast
2026-09-01,MI,PHYSICAL,PDL,25476.77,Forecast
2026-09-01,MO,DIGITAL,ILP,593.78,Forecast
2026-09-01,MO,DIGITAL,PDL,0.0,Forecast
2026-09-01,MO,PHYSICAL,ILP,964.49,Forecast
2026-09-01,MO,PHYSICAL,PDL,0.0,Forecast
2026-09-01,MS,DIGITAL,ILP,795.42,Forecast
2026-09-01,MS,DIGITAL,PDL,5.85,Forecast
2026-09-01,MS,PHYSICAL,ILP,2444.76,Forecast
2026-09-01,MS,PHYSICAL,PDL,23.74,Forecast
2026-09-01,NV,DIGITAL,ILP,237.12,Forecast
2026-09-01,NV,DIGITAL,PDL,0.0,Forecast
2026-09-01,NV,PHYSICAL,ILP,588.01,Forecast
2026-09-01,NV,PHYSICAL,PDL,0.0,Forecast
2026-09-01,OH,DIGITAL,ILP,1864.33,Forecast
2026-09-01,OH,DIGITAL,PDL,0.0,Forecast
2026-09-01,OH,PHYSICAL,ILP,4542.89,Forecast
2026-09-01,OH,PHYSICAL,PDL,0.0,Forecast
2026-09-01,OK,DIGITAL,ILP,946.65,Forecast
2026-09-01,OK,DIGITAL,PDL,0.0,Forecast
2026-09-01,OK,PHYSICAL,ILP,1810.96,Forecast
2026-09-01,OK,PHYSICAL,PDL,0.0,Forecast
2026-09-01,RI,DIGITAL,PDL,890.81,Forecast
2026-09-01,RI,PHYSICAL,PDL,4374.7,Forecast
2026-09-01,SC,DIGITAL,ILP,0.0,Forecast
2026-09-01,SC,DIGITAL,PDL,0.0,Forecast
2026-09-01,SC,PHYSICAL,ILP,0.0,Forecast
2026-09-01,SC,PHYSICAL,PDL,0.0,Forecast
2026-09-01,TN,DIGITAL,PDL,30.58,Forecast
2026-09-01,TN,PHYSICAL,PDL,96.49,Forecast
2026-09-01,TX,DIGITAL,ILP,4527.08,Forecast
2026-09-01,TX,DIGITAL,PDL,151.48,Forecast
2026-09-01,TX,PHYSICAL,ILP,7276.57,Forecast
2026-09-01,TX,PHYSICAL,PDL,64.94,Forecast
2026-09-01,UT,DIGITAL,ILP,62.43,Forecast
2026-09-01,UT,PHYSICAL,ILP,5.57,Forecast
2026-09-01,UT,PHYSICAL,PDL,0.0,Forecast
2026-09-01,WI,DIGITAL,ILP,371.34,Forecast
2026-09-01,WI,DIGITAL,PDL,0.0,Forecast
2026-09-01,WI,PHYSICAL,ILP,542.9,Forecast
2026-09-01,WI,PHYSICAL,PDL,0.0,Forecast
2026-09-01,WY,DIGITAL,PDL,528.48,Forecast
2026-09-01,WY,PHYSICAL,PDL,1709.59,Forecast
2026-10-01,AL,DIGITAL,ILP,1029.58,Forecast
2026-10-01,AL,DIGITAL,PDL,0.0,Forecast
2026-10-01,AL,PHYSICAL,ILP,4372.95,Forecast
2026-10-01,AL,PHYSICAL,PDL,0.0,Forecast
2026-10-01,CA,DIGITAL,ILP,0.0,Forecast
2026-10-01,CA,DIGITAL,PDL,15332.08,Forecast
2026-10-01,CA,PHYSICAL,ILP,0.0,Forecast
2026-10-01,CA,PHYSICAL,PDL,40385.09,Forecast
2026-10-01,CO,DIGITAL,ILP,0.0,Forecast
2026-10-01,CO,PHYSICAL,ILP,0.0,Forecast
2026-10-01,CO,PHYSICAL,PDL,0.0,Forecast
2026-10-01,DE,DIGITAL,ILP,112.12,Forecast
2026-10-01,DE,DIGITAL,PDL,0.0,Forecast
2026-10-01,DE,PHYSICAL,ILP,192.0,Forecast
2026-10-01,DE,PHYSICAL,PDL,0.0,Forecast
2026-10-01,FL,DIGITAL,ILP,7409.59,Forecast
2026-10-01,FL,DIGITAL,PDL,1476.77,Forecast
2026-10-01,FL,PHYSICAL,ILP,21907.87,Forecast
2026-10-01,FL,PHYSICAL,PDL,11465.58,Forecast
2026-10-01,IA,DIGITAL,PDL,1580.06,Forecast
2026-10-01,IA,PHYSICAL,PDL,5716.82,Forecast
2026-10-01,ID,DIGITAL,ILP,85.28,Forecast
2026-10-01,ID,DIGITAL,PDL,0.0,Forecast
2026-10-01,ID,PHYSICAL,ILP,50.46,Forecast
2026-10-01,ID,PHYSICAL,PDL,0.0,Forecast
2026-10-01,IN,DIGITAL,PDL,2718.04,Forecast
2026-10-01,IN,PHYSICAL,PDL,9762.34,Forecast
2026-10-01,KS,DIGITAL,PDL,0.68,Forecast
2026-10-01,KS,PHYSICAL,PDL,1.72,Forecast
2026-10-01,KY,DIGITAL,PDL,768.54,Forecast
2026-10-01,KY,PHYSICAL,PDL,4581.84,Forecast
2026-10-01,LA,DIGITAL,PDL,1573.47,Forecast
2026-10-01,LA,PHYSICAL,ILP,0.0,Forecast
2026-10-01,LA,PHYSICAL,PDL,8930.48,Forecast
2026-10-01,MI,DIGITAL,ILP,0.0,Forecast
2026-10-01,MI,DIGITAL,PDL,8277.99,Forecast
2026-10-01,MI,PHYSICAL,ILP,0.0,Forecast
2026-10-01,MI,PHYSICAL,PDL,25393.99,Forecast
2026-10-01,MO,DIGITAL,ILP,627.34,Forecast
2026-10-01,MO,DIGITAL,PDL,0.0,Forecast
2026-10-01,MO,PHYSICAL,ILP,996.36,Forecast
2026-10-01,MO,PHYSICAL,PDL,0.0,Forecast
2026-10-01,MS,DIGITAL,ILP,843.8,Forecast
2026-10-01,MS,DIGITAL,PDL,5.17,Forecast
2026-10-01,MS,PHYSICAL,ILP,2493.96,Forecast
2026-10-01,MS,PHYSICAL,PDL,18.6,Forecast
2026-10-01,NV,DIGITAL,ILP,260.32,Forecast
2026-10-01,NV,DIGITAL,PDL,0.0,Forecast
2026-10-01,NV,PHYSICAL,ILP,604.36,Forecast
2026-10-01,NV,PHYSICAL,PDL,0.0,Forecast
2026-10-01,OH,DIGITAL,ILP,1953.15,Forecast
2026-10-01,OH,DIGITAL,PDL,0.0,Forecast
2026-10-01,OH,PHYSICAL,ILP,4584.14,Forecast
2026-10-01,OH,PHYSICAL,PDL,0.0,Forecast
2026-10-01,OK,DIGITAL,ILP,978.9,Forecast
2026-10-01,OK,DIGITAL,PDL,0.0,Forecast
2026-10-01,OK,PHYSICAL,ILP,1834.56,Forecast
2026-10-01,OK,PHYSICAL,PDL,0.0,Forecast
2026-10-01,RI,DIGITAL,PDL,883.84,Forecast
2026-10-01,RI,PHYSICAL,PDL,4360.15,Forecast
2026-10-01,SC,DIGITAL,ILP,0.0,Forecast
2026-10-01,SC,DIGITAL,PDL,0.0,Forecast
2026-10-01,SC,PHYSICAL,ILP,0.0,Forecast
2026-10-01,SC,PHYSICAL,PDL,0.0,Forecast
2026-10-01,TN,DIGITAL,PDL,26.45,Forecast
2026-10-01,TN,PHYSICAL,PDL,83.25,Forecast
2026-10-01,TX,DIGITAL,ILP,4773.76,Forecast
2026-10-01,TX,DIGITAL,PDL,141.48,Forecast
2026-10-01,TX,PHYSICAL,ILP,7345.14,Forecast
2026-10-01,TX,PHYSICAL,PDL,60.86,Forecast
2026-10-01,UT,DIGITAL,ILP,70.5,Forecast
2026-10-01,UT,PHYSICAL,ILP,7.01,Forecast
2026-10-01,UT,PHYSICAL,PDL,0.0,Forecast
2026-10-01,WI,DIGITAL,ILP,389.03,Forecast
2026-10-01,WI,DIGITAL,PDL,0.0,Forecast
2026-10-01,WI,PHYSICAL,ILP,560.66,Forecast
2026-10-01,WI,PHYSICAL,PDL,0.0,Forecast
2026-10-01,WY,DIGITAL,PDL,529.27,Forecast
2026-10-01,WY,PHYSICAL,PDL,1715.17,Forecast
2026-11-01,AL,DIGITAL,ILP,1085.31,Forecast
2026-11-01,AL,DIGITAL,PDL,0.0,Forecast
2026-11-01,AL,PHYSICAL,ILP,4497.69,Forecast
2026-11-01,AL,PHYSICAL,PDL,0.0,Forecast
2026-11-01,CA,DIGITAL,ILP,0.0,Forecast
2026-11-01,CA,DIGITAL,PDL,15365.65,Forecast
2026-11-01,CA,PHYSICAL,ILP,0.0,Forecast
2026-11-01,CA,PHYSICAL,PDL,40682.18,Forecast
2026-11-01,CO,DIGITAL,ILP,0.0,Forecast
2026-11-01,CO,PHYSICAL,ILP,0.0,Forecast
2026-11-01,CO,PHYSICAL,PDL,0.0,Forecast
2026-11-01,DE,DIGITAL,ILP,115.39,Forecast
2026-11-01,DE,DIGITAL,PDL,0.0,Forecast
2026-11-01,DE,PHYSICAL,ILP,194.12,Forecast
2026-11-01,DE,PHYSICAL,PDL,0.0,Forecast
2026-11-01,FL,DIGITAL,ILP,7576.33,Forecast
2026-11-01,FL,DIGITAL,PDL,1407.87,Forecast
2026-11-01,FL,PHYSICAL,ILP,22404.18,Forecast
2026-11-01,FL,PHYSICAL,PDL,11123.26,Forecast
2026-11-01,IA,DIGITAL,PDL,1577.48,Forecast
2026-11-01,IA,PHYSICAL,PDL,5704.1,Forecast
2026-11-01,ID,DIGITAL,ILP,86.23,Forecast
2026-11-01,ID,DIGITAL,PDL,0.0,Forecast
2026-11-01,ID,PHYSICAL,ILP,50.0,Forecast
2026-11-01,ID,PHYSICAL,PDL,0.0,Forecast
2026-11-01,IN,DIGITAL,PDL,2681.0,Forecast
2026-11-01,IN,PHYSICAL,PDL,9689.73,Forecast
2026-11-01,KS,DIGITAL,PDL,0.75,Forecast
2026-11-01,KS,PHYSICAL,PDL,2.08,Forecast
2026-11-01,KY,DIGITAL,PDL,748.29,Forecast
2026-11-01,KY,PHYSICAL,PDL,4581.95,Forecast
2026-11-01,LA,DIGITAL,PDL,1595.59,Forecast
2026-11-01,LA,PHYSICAL,ILP,0.0,Forecast
2026-11-01,LA,PHYSICAL,PDL,8987.61,Forecast
2026-11-01,MI,DIGITAL,ILP,0.0,Forecast
2026-11-01,MI,DIGITAL,PDL,8230.23,Forecast
2026-11-01,MI,PHYSICAL,ILP,0.0,Forecast
2026-11-01,MI,PHYSICAL,PDL,25305.16,Forecast
2026-11-01,MO,DIGITAL,ILP,643.89,Forecast
2026-11-01,MO,DIGITAL,PDL,0.0,Forecast
2026-11-01,MO,PHYSICAL,ILP,1018.49,Forecast
2026-11-01,MO,PHYSICAL,PDL,0.0,Forecast
2026-11-01,MS,DIGITAL,ILP,878.14,Forecast
2026-11-01,MS,DIGITAL,PDL,4.67,Forecast
2026-11-01,MS,PHYSICAL,ILP,2544.31,Forecast
2026-11-01,MS,PHYSICAL,PDL,15.15,Forecast
2026-11-01,NV,DIGITAL,ILP,280.4,Forecast
2026-11-01,NV,DIGITAL,PDL,0.0,Forecast
2026-11-01,NV,PHYSICAL,ILP,620.21,Forecast
2026-11-01,NV,PHYSICAL,PDL,0.0,Forecast
2026-11-01,OH,DIGITAL,ILP,2016.21,Forecast
2026-11-01,OH,DIGITAL,PDL,0.0,Forecast
2026-11-01,OH,PHYSICAL,ILP,4643.47,Forecast
2026-11-01,OH,PHYSICAL,PDL,0.0,Forecast
2026-11-01,OK,DIGITAL,ILP,1002.66,Forecast
2026-11-01,OK,DIGITAL,PDL,0.0,Forecast
2026-11-01,OK,PHYSICAL,ILP,1866.01,Forecast
2026-11-01,OK,PHYSICAL,PDL,0.0,Forecast
2026-11-01,RI,DIGITAL,PDL,877.55,Forecast
2026-11-01,RI,PHYSICAL,PDL,4349.78,Forecast
2026-11-01,SC,DIGITAL,ILP,0.0,Forecast
2026-11-01,SC,DIGITAL,PDL,0.0,Forecast
2026-11-01,SC,PHYSICAL,ILP,0.0,Forecast
2026-11-01,SC,PHYSICAL,PDL,0.0,Forecast
2026-11-01,TN,DIGITAL,PDL,23.56,Forecast
2026-11-01,TN,PHYSICAL,PDL,72.79,Forecast
2026-11-01,TX,DIGITAL,ILP,4793.85,Forecast
2026-11-01,TX,DIGITAL,PDL,129.64,Forecast
2026-11-01,TX,PHYSICAL,ILP,7552.3,Forecast
2026-11-01,TX,PHYSICAL,PDL,57.18,Forecast
2026-11-01,UT,DIGITAL,ILP,73.92,Forecast
2026-11-01,UT,PHYSICAL,ILP,7.92,Forecast
2026-11-01,UT,PHYSICAL,PDL,0.0,Forecast
2026-11-01,WI,DIGITAL,ILP,401.25,Forecast
2026-11-01,WI,DIGITAL,PDL,0.0,Forecast
2026-11-01,WI,PHYSICAL,ILP,573.16,Forecast
2026-11-01,WI,PHYSICAL,PDL,0.0,Forecast
2026-11-01,WY,DIGITAL,PDL,529.42,Forecast
2026-11-01,WY,PHYSICAL,PDL,1720.31,Forecast
2026-12-01,AL,DIGITAL,ILP,1117.47,Forecast
2026-12-01,AL,DIGITAL,PDL,0.0,Forecast
2026-12-01,AL,PHYSICAL,ILP,4594.69,Forecast
2026-12-01,AL,PHYSICAL,PDL,0.0,Forecast
2026-12-01,CA,DIGITAL,ILP,0.0,Forecast
2026-12-01,CA,DIGITAL,PDL,15354.25,Forecast
2026-12-01,CA,PHYSICAL,ILP,0.0,Forecast
2026-12-01,CA,PHYSICAL,PDL,40878.59,Forecast
2026-12-01,CO,DIGITAL,ILP,0.0,Forecast
2026-12-01,CO,PHYSICAL,ILP,0.0,Forecast
2026-12-01,CO,PHYSICAL,PDL,0.0,Forecast
2026-12-01,DE,DIGITAL,ILP,114.91,Forecast
2026-12-01,DE,DIGITAL,PDL,0.0,Forecast
2026-12-01,DE,PHYSICAL,ILP,197.67,Forecast
2026-12-01,DE,PHYSICAL,PDL,0.0,Forecast
2026-12-01,FL,DIGITAL,ILP,7535.01,Forecast
2026-12-01,FL,DIGITAL,PDL,1350.42,Forecast
2026-12-01,FL,PHYSICAL,ILP,22631.33,Forecast
2026-12-01,FL,PHYSICAL,PDL,10821.98,Forecast
2026-12-01,IA,DIGITAL,PDL,1571.51,Forecast
2026-12-01,IA,PHYSICAL,PDL,5674.85,Forecast
2026-12-01,ID,DIGITAL,ILP,84.92,Forecast
2026-12-01,ID,DIGITAL,PDL,0.0,Forecast
2026-12-01,ID,PHYSICAL,ILP,51.75,Forecast
2026-12-01,ID,PHYSICAL,PDL,0.0,Forecast
2026-12-01,IN,DIGITAL,PDL,2638.06,Forecast
2026-12-01,IN,PHYSICAL,PDL,9588.46,Forecast
2026-12-01,KS,DIGITAL,PDL,0.75,Forecast
2026-12-01,KS,PHYSICAL,PDL,2.31,Forecast
2026-12-01,KY,DIGITAL,PDL,730.55,Forecast
2026-12-01,KY,PHYSICAL,PDL,4571.77,Forecast
2026-12-01,LA,DIGITAL,PDL,1607.33,Forecast
2026-12-01,LA,PHYSICAL,ILP,0.0,Forecast
2026-12-01,LA,PHYSICAL,PDL,9018.55,Forecast
2026-12-01,MI,DIGITAL,ILP,0.0,Forecast
2026-12-01,MI,DIGITAL,PDL,8188.39,Forecast
2026-12-01,MI,PHYSICAL,ILP,0.0,Forecast
2026-12-01,MI,PHYSICAL,PDL,25247.19,Forecast
2026-12-01,MO,DIGITAL,ILP,644.05,Forecast
2026-12-01,MO,DIGITAL,PDL,0.0,Forecast
2026-12-01,MO,PHYSICAL,ILP,1041.05,Forecast
2026-12-01,MO,PHYSICAL,PDL,0.0,Forecast
2026-12-01,MS,DIGITAL,ILP,883.35,Forecast
2026-12-01,MS,DIGITAL,PDL,4.23,Forecast
2026-12-01,MS,PHYSICAL,ILP,2600.91,Forecast
2026-12-01,MS,PHYSICAL,PDL,12.85,Forecast
2026-12-01,NV,DIGITAL,ILP,288.3,Forecast
2026-12-01,NV,DIGITAL,PDL,0.0,Forecast
2026-12-01,NV,PHYSICAL,ILP,630.61,Forecast
2026-12-01,NV,PHYSICAL,PDL,0.0,Forecast
2026-12-01,OH,DIGITAL,ILP,2017.06,Forecast
2026-12-01,OH,DIGITAL,PDL,0.0,Forecast
2026-12-01,OH,PHYSICAL,ILP,4663.08,Forecast
2026-12-01,OH,PHYSICAL,PDL,0.0,Forecast
2026-12-01,OK,DIGITAL,ILP,1026.25,Forecast
2026-12-01,OK,DIGITAL,PDL,0.0,Forecast
2026-12-01,OK,PHYSICAL,ILP,1902.41,Forecast
2026-12-01,OK,PHYSICAL,PDL,0.0,Forecast
2026-12-01,RI,DIGITAL,PDL,869.28,Forecast
2026-12-01,RI,PHYSICAL,PDL,4333.83,Forecast
2026-12-01,SC,DIGITAL,ILP,0.0,Forecast
2026-12-01,SC,DIGITAL,PDL,0.0,Forecast
2026-12-01,SC,PHYSICAL,ILP,0.0,Forecast
2026-12-01,SC,PHYSICAL,PDL,0.0,Forecast
2026-12-01,TN,DIGITAL,PDL,21.51,Forecast
2026-12-01,TN,PHYSICAL,PDL,64.65,Forecast
2026-12-01,TX,DIGITAL,ILP,4802.83,Forecast
2026-12-01,TX,DIGITAL,PDL,119.05,Forecast
2026-12-01,TX,PHYSICAL,ILP,7717.74,Forecast
2026-12-01,TX,PHYSICAL,PDL,53.53,Forecast
2026-12-01,UT,DIGITAL,ILP,74.45,Forecast
2026-12-01,UT,PHYSICAL,ILP,9.02,Forecast
2026-12-01,UT,PHYSICAL,PDL,0.0,Forecast
2026-12-01,WI,DIGITAL,ILP,408.63,Forecast
2026-12-01,WI,DIGITAL,PDL,0.0,Forecast
2026-12-01,WI,PHYSICAL,ILP,585.07,Forecast
2026-12-01,WI,PHYSICAL,PDL,0.0,Forecast
2026-12-01,WY,DIGITAL,PDL,528.26,Forecast
2026-12-01,WY,PHYSICAL,PDL,1719.89,Forecast
2027-01-01,AL,DIGITAL,ILP,1140.87,Forecast
2027-01-01,AL,DIGITAL,PDL,0.0,Forecast
2027-01-01,AL,PHYSICAL,ILP,4682.99,Forecast
2027-01-01,AL,PHYSICAL,PDL,0.0,Forecast
2027-01-01,CA,DIGITAL,ILP,0.0,Forecast
2027-01-01,CA,DIGITAL,PDL,15272.11,Forecast
2027-01-01,CA,PHYSICAL,ILP,0.0,Forecast
2027-01-01,CA,PHYSICAL,PDL,40908.39,Forecast
2027-01-01,CO,DIGITAL,ILP,0.0,Forecast
2027-01-01,CO,PHYSICAL,ILP,0.0,Forecast
2027-01-01,CO,PHYSICAL,PDL,0.0,Forecast
2027-01-01,DE,DIGITAL,ILP,113.22,Forecast
2027-01-01,DE,DIGITAL,PDL,0.0,Forecast
2027-01-01,DE,PHYSICAL,ILP,200.92,Forecast
2027-01-01,DE,PHYSICAL,PDL,0.0,Forecast
2027-01-01,FL,DIGITAL,ILP,7617.57,Forecast
2027-01-01,FL,DIGITAL,PDL,1300.12,Forecast
2027-01-01,FL,PHYSICAL,ILP,22940.14,Forecast
2027-01-01,FL,PHYSICAL,PDL,10543.98,Forecast
2027-01-01,IA,DIGITAL,PDL,1564.25,Forecast
2027-01-01,IA,PHYSICAL,PDL,5637.53,Forecast
2027-01-01,ID,DIGITAL,ILP,83.1,Forecast
2027-01-01,ID,DIGITAL,PDL,0.0,Forecast
2027-01-01,ID,PHYSICAL,ILP,54.29,Forecast
2027-01-01,ID,PHYSICAL,PDL,0.0,Forecast
2027-01-01,IN,DIGITAL,PDL,2582.47,Forecast
2027-01-01,IN,PHYSICAL,PDL,9440.2,Forecast
2027-01-01,KS,DIGITAL,PDL,0.77,Forecast
2027-01-01,KS,PHYSICAL,PDL,2.49,Forecast
2027-01-01,KY,DIGITAL,PDL,715.76,Forecast
2027-01-01,KY,PHYSICAL,PDL,4559.33,Forecast
2027-01-01,LA,DIGITAL,PDL,1607.14,Forecast
2027-01-01,LA,PHYSICAL,ILP,0.0,Forecast
2027-01-01,LA,PHYSICAL,PDL,9007.04,Forecast
2027-01-01,MI,DIGITAL,ILP,0.0,Forecast
2027-01-01,MI,DIGITAL,PDL,8149.27,Forecast
2027-01-01,MI,PHYSICAL,ILP,0.0,Forecast
2027-01-01,MI,PHYSICAL,PDL,25187.08,Forecast
2027-01-01,MO,DIGITAL,ILP,634.52,Forecast
2027-01-01,MO,DIGITAL,PDL,0.0,Forecast
2027-01-01,MO,PHYSICAL,ILP,1069.5,Forecast
2027-01-01,MO,PHYSICAL,PDL,0.0,Forecast
2027-01-01,MS,DIGITAL,ILP,889.88,Forecast
2027-01-01,MS,DIGITAL,PDL,3.92,Forecast
2027-01-01,MS,PHYSICAL,ILP,2653.79,Forecast
2027-01-01,MS,PHYSICAL,PDL,11.32,Forecast
2027-01-01,NV,DIGITAL,ILP,288.35,Forecast
2027-01-01,NV,DIGITAL,PDL,0.0,Forecast
2027-01-01,NV,PHYSICAL,ILP,639.36,Forecast
2027-01-01,NV,PHYSICAL,PDL,0.0,Forecast
2027-01-01,OH,DIGITAL,ILP,2008.05,Forecast
2027-01-01,OH,DIGITAL,PDL,0.0,Forecast
2027-01-01,OH,PHYSICAL,ILP,4650.96,Forecast
2027-01-01,OH,PHYSICAL,PDL,0.0,Forecast
2027-01-01,OK,DIGITAL,ILP,1029.74,Forecast
2027-01-01,OK,DIGITAL,PDL,0.0,Forecast
2027-01-01,OK,PHYSICAL,ILP,1944.03,Forecast
2027-01-01,OK,PHYSICAL,PDL,0.0,Forecast
2027-01-01,RI,DIGITAL,PDL,857.92,Forecast
2027-01-01,RI,PHYSICAL,PDL,4305.48,Forecast
2027-01-01,SC,DIGITAL,ILP,0.0,Forecast
2027-01-01,SC,DIGITAL,PDL,0.0,Forecast
2027-01-01,SC,PHYSICAL,ILP,0.0,Forecast
2027-01-01,SC,PHYSICAL,PDL,0.0,Forecast
2027-01-01,TN,DIGITAL,PDL,19.94,Forecast
2027-01-01,TN,PHYSICAL,PDL,58.16,Forecast
2027-01-01,TX,DIGITAL,ILP,4784.62,Forecast
2027-01-01,TX,DIGITAL,PDL,109.9,Forecast
2027-01-01,TX,PHYSICAL,ILP,7937.52,Forecast
2027-01-01,TX,PHYSICAL,PDL,50.24,Forecast
2027-01-01,UT,DIGITAL,ILP,73.31,Forecast
2027-01-01,UT,PHYSICAL,ILP,10.46,Forecast
2027-01-01,UT,PHYSICAL,PDL,0.0,Forecast
2027-01-01,WI,DIGITAL,ILP,412.58,Forecast
2027-01-01,WI,DIGITAL,PDL,0.0,Forecast
2027-01-01,WI,PHYSICAL,ILP,599.8,Forecast
2027-01-01,WI,PHYSICAL,PDL,0.0,Forecast
2027-01-01,WY,DIGITAL,PDL,525.06,Forecast
2027-01-01,WY,PHYSICAL,PDL,1711.51,Forecast
2027-02-01,AL,DIGITAL,ILP,1168.54,Forecast
2027-02-01,AL,DIGITAL,PDL,0.0,Forecast
2027-02-01,AL,PHYSICAL,ILP,4765.67,Forecast
2027-02-01,AL,PHYSICAL,PDL,0.0,Forecast
2027-02-01,CA,DIGITAL,ILP,0.0,Forecast
2027-02-01,CA,DIGITAL,PDL,15115.07,Forecast
2027-02-01,CA,PHYSICAL,ILP,0.0,Forecast
2027-02-01,CA,PHYSICAL,PDL,40760.23,Forecast
2027-02-01,CO,DIGITAL,ILP,0.0,Forecast
2027-02-01,CO,PHYSICAL,ILP,0.0,Forecast
2027-02-01,CO,PHYSICAL,PDL,0.0,Forecast
2027-02-01,DE,DIGITAL,ILP,110.49,Forecast
2027-02-01,DE,DIGITAL,PDL,0.0,Forecast
2027-02-01,DE,PHYSICAL,ILP,204.32,Forecast
2027-02-01,DE,PHYSICAL,PDL,0.0,Forecast
2027-02-01,FL,DIGITAL,ILP,7676.23,Forecast
2027-02-01,FL,DIGITAL,PDL,1255.77,Forecast
2027-02-01,FL,PHYSICAL,ILP,23216.96,Forecast
2027-02-01,FL,PHYSICAL,PDL,10284.05,Forecast
2027-02-01,IA,DIGITAL,PDL,1553.02,Forecast
2027-02-01,IA,PHYSICAL,PDL,5583.54,Forecast
2027-02-01,ID,DIGITAL,ILP,80.65,Forecast
2027-02-01,ID,DIGITAL,PDL,0.0,Forecast
2027-02-01,ID,PHYSICAL,ILP,56.28,Forecast
2027-02-01,ID,PHYSICAL,PDL,0.0,Forecast
2027-02-01,IN,DIGITAL,PDL,2512.54,Forecast
2027-02-01,IN,PHYSICAL,PDL,9239.35,Forecast
2027-02-01,KS,DIGITAL,PDL,0.76,Forecast
2027-02-01,KS,PHYSICAL,PDL,2.58,Forecast
2027-02-01,KY,DIGITAL,PDL,701.7,Forecast
2027-02-01,KY,PHYSICAL,PDL,4530.84,Forecast
2027-02-01,LA,DIGITAL,PDL,1596.71,Forecast
2027-02-01,LA,PHYSICAL,ILP,0.0,Forecast
2027-02-01,LA,PHYSICAL,PDL,8949.0,Forecast
2027-02-01,MI,DIGITAL,ILP,0.0,Forecast
2027-02-01,MI,DIGITAL,PDL,8078.52,Forecast
2027-02-01,MI,PHYSICAL,ILP,0.0,Forecast
2027-02-01,MI,PHYSICAL,PDL,25021.87,Forecast
2027-02-01,MO,DIGITAL,ILP,623.89,Forecast
2027-02-01,MO,DIGITAL,PDL,0.0,Forecast
2027-02-01,MO,PHYSICAL,ILP,1091.73,Forecast
2027-02-01,MO,PHYSICAL,PDL,0.0,Forecast
2027-02-01,MS,DIGITAL,ILP,897.65,Forecast
2027-02-01,MS,DIGITAL,PDL,3.64,Forecast
2027-02-01,MS,PHYSICAL,ILP,2689.92,Forecast
2027-02-01,MS,PHYSICAL,PDL,10.25,Forecast
2027-02-01,NV,DIGITAL,ILP,289.84,Forecast
2027-02-01,NV,DIGITAL,PDL,0.0,Forecast
2027-02-01,NV,PHYSICAL,ILP,645.37,Forecast
2027-02-01,NV,PHYSICAL,PDL,0.0,Forecast
2027-02-01,OH,DIGITAL,ILP,1993.82,Forecast
2027-02-01,OH,DIGITAL,PDL,0.0,Forecast
2027-02-01,OH,PHYSICAL,ILP,4595.25,Forecast
2027-02-01,OH,PHYSICAL,PDL,0.0,Forecast
2027-02-01,OK,DIGITAL,ILP,1026.76,Forecast
2027-02-01,OK,DIGITAL,PDL,0.0,Forecast
2027-02-01,OK,PHYSICAL,ILP,1964.25,Forecast
2027-02-01,OK,PHYSICAL,PDL,0.0,Forecast
2027-02-01,RI,DIGITAL,PDL,842.99,Forecast
2027-02-01,RI,PHYSICAL,PDL,4261.77,Forecast
2027-02-01,SC,DIGITAL,ILP,0.0,Forecast
2027-02-01,SC,DIGITAL,PDL,0.0,Forecast
2027-02-01,SC,PHYSICAL,ILP,0.0,Forecast
2027-02-01,SC,PHYSICAL,PDL,0.0,Forecast
2027-02-01,TN,DIGITAL,PDL,18.76,Forecast
2027-02-01,TN,PHYSICAL,PDL,52.95,Forecast
2027-02-01,TX,DIGITAL,ILP,4760.96,Forecast
2027-02-01,TX,DIGITAL,PDL,101.7,Forecast
2027-02-01,TX,PHYSICAL,ILP,8114.08,Forecast
2027-02-01,TX,PHYSICAL,PDL,47.44,Forecast
2027-02-01,UT,DIGITAL,ILP,69.92,Forecast
2027-02-01,UT,PHYSICAL,ILP,11.99,Forecast
2027-02-01,UT,PHYSICAL,PDL,0.0,Forecast
2027-02-01,WI,DIGITAL,ILP,414.01,Forecast
2027-02-01,WI,DIGITAL,PDL,0.0,Forecast
2027-02-01,WI,PHYSICAL,ILP,612.64,Forecast
2027-02-01,WI,PHYSICAL,PDL,0.0,Forecast
2027-02-01,WY,DIGITAL,PDL,520.36,Forecast
2027-02-01,WY,PHYSICAL,PDL,1695.85,Forecast
2027-03-01,AL,DIGITAL,ILP,1187.75,Forecast
2027-03-01,AL,DIGITAL,PDL,0.0,Forecast
2027-03-01,AL,PHYSICAL,ILP,4825.07,Forecast
2027-03-01,AL,PHYSICAL,PDL,0.0,Forecast
2027-03-01,CA,DIGITAL,ILP,0.0,Forecast
2027-03-01,CA,DIGITAL,PDL,14905.93,Forecast
2027-03-01,CA,PHYSICAL,ILP,0.0,Forecast
2027-03-01,CA,PHYSICAL,PDL,40474.43,Forecast
2027-03-01,CO,DIGITAL,ILP,0.0,Forecast
2027-03-01,CO,PHYSICAL,ILP,0.0,Forecast
2027-03-01,CO,PHYSICAL,PDL,0.0,Forecast
2027-03-01,DE,DIGITAL,ILP,107.83,Forecast
2027-03-01,DE,DIGITAL,PDL,0.0,Forecast
2027-03-01,DE,PHYSICAL,ILP,204.64,Forecast
2027-03-01,DE,PHYSICAL,PDL,0.0,Forecast
2027-03-01,FL,DIGITAL,ILP,7693.88,Forecast
2027-03-01,FL,DIGITAL,PDL,1215.46,Forecast
2027-03-01,FL,PHYSICAL,ILP,23383.39,Forecast
2027-03-01,FL,PHYSICAL,PDL,10039.91,Forecast
2027-03-01,IA,DIGITAL,PDL,1533.18,Forecast
2027-03-01,IA,PHYSICAL,PDL,5494.35,Forecast
2027-03-01,ID,DIGITAL,ILP,78.65,Forecast
2027-03-01,ID,DIGITAL,PDL,0.0,Forecast
2027-03-01,ID,PHYSICAL,ILP,56.97,Forecast
2027-03-01,ID,PHYSICAL,PDL,0.0,Forecast
2027-03-01,IN,DIGITAL,PDL,2432.98,Forecast
2027-03-01,IN,PHYSICAL,PDL,8999.98,Forecast
2027-03-01,KS,DIGITAL,PDL,0.76,Forecast
2027-03-01,KS,PHYSICAL,PDL,2.65,Forecast
2027-03-01,KY,DIGITAL,PDL,684.5,Forecast
2027-03-01,KY,PHYSICAL,PDL,4465.61,Forecast
2027-03-01,LA,DIGITAL,PDL,1578.62,Forecast
2027-03-01,LA,PHYSICAL,ILP,0.0,Forecast
2027-03-01,LA,PHYSICAL,PDL,8852.1,Forecast
2027-03-01,MI,DIGITAL,ILP,0.0,Forecast
2027-03-01,MI,DIGITAL,PDL,7941.08,Forecast
2027-03-01,MI,PHYSICAL,ILP,0.0,Forecast
2027-03-01,MI,PHYSICAL,PDL,24641.68,Forecast
2027-03-01,MO,DIGITAL,ILP,615.49,Forecast
2027-03-01,MO,DIGITAL,PDL,0.0,Forecast
2027-03-01,MO,PHYSICAL,ILP,1099.16,Forecast
2027-03-01,MO,PHYSICAL,PDL,0.0,Forecast
2027-03-01,MS,DIGITAL,ILP,898.93,Forecast
2027-03-01,MS,DIGITAL,PDL,3.43,Forecast
2027-03-01,MS,PHYSICAL,ILP,2710.95,Forecast
2027-03-01,MS,PHYSICAL,PDL,9.53,Forecast
2027-03-01,NV,DIGITAL,ILP,292.07,Forecast
2027-03-01,NV,DIGITAL,PDL,0.0,Forecast
2027-03-01,NV,PHYSICAL,ILP,648.02,Forecast
2027-03-01,NV,PHYSICAL,PDL,0.0,Forecast
2027-03-01,OH,DIGITAL,ILP,1966.44,Forecast
2027-03-01,OH,DIGITAL,PDL,0.0,Forecast
2027-03-01,OH,PHYSICAL,ILP,4533.87,Forecast
2027-03-01,OH,PHYSICAL,PDL,0.0,Forecast
2027-03-01,OK,DIGITAL,ILP,1018.81,Forecast
2027-03-01,OK,DIGITAL,PDL,0.0,Forecast
2027-03-01,OK,PHYSICAL,ILP,1965.1,Forecast
2027-03-01,OK,PHYSICAL,PDL,0.0,Forecast
2027-03-01,RI,DIGITAL,PDL,824.76,Forecast
2027-03-01,RI,PHYSICAL,PDL,4203.91,Forecast
2027-03-01,SC,DIGITAL,ILP,0.0,Forecast
2027-03-01,SC,DIGITAL,PDL,0.0,Forecast
2027-03-01,SC,PHYSICAL,ILP,0.0,Forecast
2027-03-01,SC,PHYSICAL,PDL,0.0,Forecast
2027-03-01,TN,DIGITAL,PDL,17.84,Forecast
2027-03-01,TN,PHYSICAL,PDL,48.72,Forecast
2027-03-01,TX,DIGITAL,ILP,4725.03,Forecast
2027-03-01,TX,DIGITAL,PDL,94.97,Forecast
2027-03-01,TX,PHYSICAL,ILP,8217.66,Forecast
2027-03-01,TX,PHYSICAL,PDL,45.09,Forecast
2027-03-01,UT,DIGITAL,ILP,67.83,Forecast
2027-03-01,UT,PHYSICAL,ILP,12.71,Forecast
2027-03-01,UT,PHYSICAL,PDL,0.0,Forecast
2027-03-01,WI,DIGITAL,ILP,413.69,Forecast
2027-03-01,WI,DIGITAL,PDL,0.0,Forecast
2027-03-01,WI,PHYSICAL,ILP,617.86,Forecast
2027-03-01,WI,PHYSICAL,PDL,0.0,Forecast
2027-03-01,WY,DIGITAL,PDL,514.42,Forecast
2027-03-01,WY,PHYSICAL,PDL,1675.69,Forecast
2027-04-01,AL,DIGITAL,ILP,1196.88,Forecast
2027-04-01,AL,DIGITAL,PDL,0.0,Forecast
2027-04-01,AL,PHYSICAL,ILP,4854.72,Forecast
2027-04-01,AL,PHYSICAL,PDL,0.0,Forecast
2027-04-01,CA,DIGITAL,ILP,0.0,Forecast
2027-04-01,CA,DIGITAL,PDL,14682.43,Forecast
2027-04-01,CA,PHYSICAL,ILP,0.0,Forecast
2027-04-01,CA,PHYSICAL,PDL,40129.9,Forecast
2027-04-01,CO,DIGITAL,ILP,0.0,Forecast
2027-04-01,CO,PHYSICAL,ILP,0.0,Forecast
2027-04-01,CO,PHYSICAL,PDL,0.0,Forecast
2027-04-01,DE,DIGITAL,ILP,105.12,Forecast
2027-04-01,DE,DIGITAL,PDL,0.0,Forecast
2027-04-01,DE,PHYSICAL,ILP,204.19,Forecast
2027-04-01,DE,PHYSICAL,PDL,0.0,Forecast
2027-04-01,FL,DIGITAL,ILP,7681.1,Forecast
2027-04-01,FL,DIGITAL,PDL,1179.35,Forecast
2027-04-01,FL,PHYSICAL,ILP,23438.16,Forecast
2027-04-01,FL,PHYSICAL,PDL,9808.72,Forecast
2027-04-01,IA,DIGITAL,PDL,1503.86,Forecast
2027-04-01,IA,PHYSICAL,PDL,5368.04,Forecast
2027-04-01,ID,DIGITAL,ILP,76.79,Forecast
2027-04-01,ID,DIGITAL,PDL,0.0,Forecast
2027-04-01,ID,PHYSICAL,ILP,57.07,Forecast
2027-04-01,ID,PHYSICAL,PDL,0.0,Forecast
2027-04-01,IN,DIGITAL,PDL,2351.75,Forecast
2027-04-01,IN,PHYSICAL,PDL,8745.32,Forecast
2027-04-01,KS,DIGITAL,PDL,0.77,Forecast
2027-04-01,KS,PHYSICAL,PDL,2.69,Forecast
2027-04-01,KY,DIGITAL,PDL,664.41,Forecast
2027-04-01,KY,PHYSICAL,PDL,4363.87,Forecast
2027-04-01,LA,DIGITAL,PDL,1556.32,Forecast
2027-04-01,LA,PHYSICAL,ILP,0.0,Forecast
2027-04-01,LA,PHYSICAL,PDL,8735.85,Forecast
2027-04-01,MI,DIGITAL,ILP,0.0,Forecast
2027-04-01,MI,DIGITAL,PDL,7741.15,Forecast
2027-04-01,MI,PHYSICAL,ILP,0.0,Forecast
2027-04-01,MI,PHYSICAL,PDL,24058.19,Forecast
2027-04-01,MO,DIGITAL,ILP,603.08,Forecast
2027-04-01,MO,DIGITAL,PDL,0.0,Forecast
2027-04-01,MO,PHYSICAL,ILP,1097.33,Forecast
2027-04-01,MO,PHYSICAL,PDL,0.0,Forecast
2027-04-01,MS,DIGITAL,ILP,890.54,Forecast
2027-04-01,MS,DIGITAL,PDL,3.28,Forecast
2027-04-01,MS,PHYSICAL,ILP,2712.13,Forecast
2027-04-01,MS,PHYSICAL,PDL,9.03,Forecast
2027-04-01,NV,DIGITAL,ILP,293.61,Forecast
2027-04-01,NV,DIGITAL,PDL,0.0,Forecast
2027-04-01,NV,PHYSICAL,ILP,649.1,Forecast
2027-04-01,NV,PHYSICAL,PDL,0.0,Forecast
2027-04-01,OH,DIGITAL,ILP,1935.08,Forecast
2027-04-01,OH,DIGITAL,PDL,0.0,Forecast
2027-04-01,OH,PHYSICAL,ILP,4459.5,Forecast
2027-04-01,OH,PHYSICAL,PDL,0.0,Forecast
2027-04-01,OK,DIGITAL,ILP,1005.86,Forecast
2027-04-01,OK,DIGITAL,PDL,0.0,Forecast
2027-04-01,OK,PHYSICAL,ILP,1954.66,Forecast
2027-04-01,OK,PHYSICAL,PDL,0.0,Forecast
2027-04-01,RI,DIGITAL,PDL,805.37,Forecast
2027-04-01,RI,PHYSICAL,PDL,4138.18,Forecast
2027-04-01,SC,DIGITAL,ILP,0.0,Forecast
2027-04-01,SC,DIGITAL,PDL,0.0,Forecast
2027-04-01,SC,PHYSICAL,ILP,0.0,Forecast
2027-04-01,SC,PHYSICAL,PDL,0.0,Forecast
2027-04-01,TN,DIGITAL,PDL,17.15,Forecast
2027-04-01,TN,PHYSICAL,PDL,45.28,Forecast
2027-04-01,TX,DIGITAL,ILP,4654.31,Forecast
2027-04-01,TX,DIGITAL,PDL,89.07,Forecast
2027-04-01,TX,PHYSICAL,ILP,8249.71,Forecast
2027-04-01,TX,PHYSICAL,PDL,43.15,Forecast
2027-04-01,UT,DIGITAL,ILP,65.06,Forecast
2027-04-01,UT,PHYSICAL,ILP,13.12,Forecast
2027-04-01,UT,PHYSICAL,PDL,0.0,Forecast
2027-04-01,WI,DIGITAL,ILP,409.52,Forecast
2027-04-01,WI,DIGITAL,PDL,0.0,Forecast
2027-04-01,WI,PHYSICAL,ILP,617.46,Forecast
2027-04-01,WI,PHYSICAL,PDL,0.0,Forecast
2027-04-01,WY,DIGITAL,PDL,509.21,Forecast
2027-04-01,WY,PHYSICAL,PDL,1655.35,Forecast
2027-05-01,AL,DIGITAL,ILP,1201.32,Forecast
2027-05-01,AL,DIGITAL,PDL,0.0,Forecast
2027-05-01,AL,PHYSICAL,ILP,4863.8,Forecast
2027-05-01,AL,PHYSICAL,PDL,0.0,Forecast
2027-05-01,CA,DIGITAL,ILP,0.0,Forecast
2027-05-01,CA,DIGITAL,PDL,14488.23,Forecast
2027-05-01,CA,PHYSICAL,ILP,0.0,Forecast
2027-05-01,CA,PHYSICAL,PDL,39822.15,Forecast
2027-05-01,CO,DIGITAL,ILP,0.0,Forecast
2027-05-01,CO,PHYSICAL,ILP,0.0,Forecast
2027-05-01,CO,PHYSICAL,PDL,0.0,Forecast
2027-05-01,DE,DIGITAL,ILP,102.42,Forecast
2027-05-01,DE,DIGITAL,PDL,0.0,Forecast
2027-05-01,DE,PHYSICAL,ILP,202.95,Forecast
2027-05-01,DE,PHYSICAL,PDL,0.0,Forecast
2027-05-01,FL,DIGITAL,ILP,7631.68,Forecast
2027-05-01,FL,DIGITAL,PDL,1146.41,Forecast
2027-05-01,FL,PHYSICAL,ILP,23411.14,Forecast
2027-05-01,FL,PHYSICAL,PDL,9589.31,Forecast
2027-05-01,IA,DIGITAL,PDL,1472.73,Forecast
2027-05-01,IA,PHYSICAL,PDL,5233.49,Forecast
2027-05-01,ID,DIGITAL,ILP,75.43,Forecast
2027-05-01,ID,DIGITAL,PDL,0.0,Forecast
2027-05-01,ID,PHYSICAL,ILP,57.46,Forecast
2027-05-01,ID,PHYSICAL,PDL,0.0,Forecast
2027-05-01,IN,DIGITAL,PDL,2276.92,Forecast
2027-05-01,IN,PHYSICAL,PDL,8502.93,Forecast
2027-05-01,KS,DIGITAL,PDL,0.77,Forecast
2027-05-01,KS,PHYSICAL,PDL,2.72,Forecast
2027-05-01,KY,DIGITAL,PDL,646.05,Forecast
2027-05-01,KY,PHYSICAL,PDL,4257.59,Forecast
2027-05-01,LA,DIGITAL,PDL,1534.83,Forecast
2027-05-01,LA,PHYSICAL,ILP,0.0,Forecast
2027-05-01,LA,PHYSICAL,PDL,8624.48,Forecast
2027-05-01,MI,DIGITAL,ILP,0.0,Forecast
2027-05-01,MI,DIGITAL,PDL,7531.84,Forecast
2027-05-01,MI,PHYSICAL,ILP,0.0,Forecast
2027-05-01,MI,PHYSICAL,PDL,23435.75,Forecast
2027-05-01,MO,DIGITAL,ILP,586.04,Forecast
2027-05-01,MO,DIGITAL,PDL,0.0,Forecast
2027-05-01,MO,PHYSICAL,ILP,1091.61,Forecast
2027-05-01,MO,PHYSICAL,PDL,0.0,Forecast
2027-05-01,MS,DIGITAL,ILP,874.7,Forecast
2027-05-01,MS,DIGITAL,PDL,3.12,Forecast
2027-05-01,MS,PHYSICAL,ILP,2693.61,Forecast
2027-05-01,MS,PHYSICAL,PDL,8.67,Forecast
2027-05-01,NV,DIGITAL,ILP,293.22,Forecast
2027-05-01,NV,DIGITAL,PDL,0.0,Forecast
2027-05-01,NV,PHYSICAL,ILP,647.88,Forecast
2027-05-01,NV,PHYSICAL,PDL,0.0,Forecast
2027-05-01,OH,DIGITAL,ILP,1898.75,Forecast
2027-05-01,OH,DIGITAL,PDL,0.0,Forecast
2027-05-01,OH,PHYSICAL,ILP,4370.19,Forecast
2027-05-01,OH,PHYSICAL,PDL,0.0,Forecast
2027-05-01,OK,DIGITAL,ILP,990.83,Forecast
2027-05-01,OK,DIGITAL,PDL,0.0,Forecast
2027-05-01,OK,PHYSICAL,ILP,1937.9,Forecast
2027-05-01,OK,PHYSICAL,PDL,0.0,Forecast
2027-05-01,RI,DIGITAL,PDL,786.65,Forecast
2027-05-01,RI,PHYSICAL,PDL,4072.99,Forecast
2027-05-01,SC,DIGITAL,ILP,0.0,Forecast
2027-05-01,SC,DIGITAL,PDL,0.0,Forecast
2027-05-01,SC,PHYSICAL,ILP,0.0,Forecast
2027-05-01,SC,PHYSICAL,PDL,0.0,Forecast
2027-05-01,TN,DIGITAL,PDL,16.57,Forecast
2027-05-01,TN,PHYSICAL,PDL,42.47,Forecast
2027-05-01,TX,DIGITAL,ILP,4561.7,Forecast
2027-05-01,TX,DIGITAL,PDL,84.12,Forecast
2027-05-01,TX,PHYSICAL,ILP,8226.14,Forecast
2027-05-01,TX,PHYSICAL,PDL,41.44,Forecast
2027-05-01,UT,DIGITAL,ILP,63.3,Forecast
2027-05-01,UT,PHYSICAL,ILP,13.88,Forecast
2027-05-01,UT,PHYSICAL,PDL,0.0,Forecast
2027-05-01,WI,DIGITAL,ILP,402.01,Forecast
2027-05-01,WI,DIGITAL,PDL,0.0,Forecast
2027-05-01,WI,PHYSICAL,ILP,614.31,Forecast
2027-05-01,WI,PHYSICAL,PDL,0.0,Forecast
2027-05-01,WY,DIGITAL,PDL,504.94,Forecast
2027-05-01,WY,PHYSICAL,PDL,1639.56,Forecast
2027-06-01,AL,DIGITAL,ILP,1205.36,Forecast
2027-06-01,AL,DIGITAL,PDL,0.0,Forecast
2027-06-01,AL,PHYSICAL,ILP,4863.42,Forecast
2027-06-01,AL,PHYSICAL,PDL,0.0,Forecast
2027-06-01,CA,DIGITAL,ILP,0.0,Forecast
2027-06-01,CA,DIGITAL,PDL,14359.02,Forecast
2027-06-01,CA,PHYSICAL,ILP,0.0,Forecast
2027-06-01,CA,PHYSICAL,PDL,39631.47,Forecast
2027-06-01,CO,DIGITAL,ILP,0.0,Forecast
2027-06-01,CO,PHYSICAL,ILP,0.0,Forecast
2027-06-01,CO,PHYSICAL,PDL,0.0,Forecast
2027-06-01,DE,DIGITAL,ILP,100.46,Forecast
2027-06-01,DE,DIGITAL,PDL,0.0,Forecast
2027-06-01,DE,PHYSICAL,ILP,202.07,Forecast
2027-06-01,DE,PHYSICAL,PDL,0.0,Forecast
2027-06-01,FL,DIGITAL,ILP,7592.74,Forecast
2027-06-01,FL,DIGITAL,PDL,1115.85,Forecast
2027-06-01,FL,PHYSICAL,ILP,23416.56,Forecast
2027-06-01,FL,PHYSICAL,PDL,9380.0,Forecast
2027-06-01,IA,DIGITAL,PDL,1451.58,Forecast
2027-06-01,IA,PHYSICAL,PDL,5135.68,Forecast
2027-06-01,ID,DIGITAL,ILP,74.98,Forecast
2027-06-01,ID,DIGITAL,PDL,0.0,Forecast
2027-06-01,ID,PHYSICAL,ILP,58.45,Forecast
2027-06-01,ID,PHYSICAL,PDL,0.0,Forecast
2027-06-01,IN,DIGITAL,PDL,2215.59,Forecast
2027-06-01,IN,PHYSICAL,PDL,8296.22,Forecast
2027-06-01,KS,DIGITAL,PDL,0.77,Forecast
2027-06-01,KS,PHYSICAL,PDL,2.74,Forecast
2027-06-01,KY,DIGITAL,PDL,635.12,Forecast
2027-06-01,KY,PHYSICAL,PDL,4190.14,Forecast
2027-06-01,LA,DIGITAL,PDL,1519.93,Forecast
2027-06-01,LA,PHYSICAL,ILP,0.0,Forecast
2027-06-01,LA,PHYSICAL,PDL,8541.39,Forecast
2027-06-01,MI,DIGITAL,ILP,0.0,Forecast
2027-06-01,MI,DIGITAL,PDL,7381.03,Forecast
2027-06-01,MI,PHYSICAL,ILP,0.0,Forecast
2027-06-01,MI,PHYSICAL,PDL,22984.32,Forecast
2027-06-01,MO,DIGITAL,ILP,570.7,Forecast
2027-06-01,MO,DIGITAL,PDL,0.0,Forecast
2027-06-01,MO,PHYSICAL,ILP,1088.76,Forecast
2027-06-01,MO,PHYSICAL,PDL,0.0,Forecast
2027-06-01,MS,DIGITAL,ILP,857.94,Forecast
2027-06-01,MS,DIGITAL,PDL,2.99,Forecast
2027-06-01,MS,PHYSICAL,ILP,2669.83,Forecast
2027-06-01,MS,PHYSICAL,PDL,8.43,Forecast
2027-06-01,NV,DIGITAL,ILP,293.22,Forecast
2027-06-01,NV,DIGITAL,PDL,0.0,Forecast
2027-06-01,NV,PHYSICAL,ILP,647.4,Forecast
2027-06-01,NV,PHYSICAL,PDL,0.0,Forecast
2027-06-01,OH,DIGITAL,ILP,1861.19,Forecast
2027-06-01,OH,DIGITAL,PDL,0.0,Forecast
2027-06-01,OH,PHYSICAL,ILP,4278.39,Forecast
2027-06-01,OH,PHYSICAL,PDL,0.0,Forecast
2027-06-01,OK,DIGITAL,ILP,979.68,Forecast
2027-06-01,OK,DIGITAL,PDL,0.0,Forecast
2027-06-01,OK,PHYSICAL,ILP,1922.32,Forecast
2027-06-01,OK,PHYSICAL,PDL,0.0,Forecast
2027-06-01,RI,DIGITAL,PDL,770.82,Forecast
2027-06-01,RI,PHYSICAL,PDL,4016.29,Forecast
2027-06-01,SC,DIGITAL,ILP,0.0,Forecast
2027-06-01,SC,DIGITAL,PDL,0.0,Forecast
2027-06-01,SC,PHYSICAL,ILP,0.0,Forecast
2027-06-01,SC,PHYSICAL,PDL,0.0,Forecast
2027-06-01,TN,DIGITAL,PDL,16.04,Forecast
2027-06-01,TN,PHYSICAL,PDL,40.15,Forecast
2027-06-01,TX,DIGITAL,ILP,4492.14,Forecast
2027-06-01,TX,DIGITAL,PDL,79.55,Forecast
2027-06-01,TX,PHYSICAL,ILP,8202.35,Forecast
2027-06-01,TX,PHYSICAL,PDL,39.92,Forecast
2027-06-01,UT,DIGITAL,ILP,62.65,Forecast
2027-06-01,UT,PHYSICAL,ILP,14.61,Forecast
2027-06-01,UT,PHYSICAL,PDL,0.0,Forecast
2027-06-01,WI,DIGITAL,ILP,393.94,Forecast
2027-06-01,WI,DIGITAL,PDL,0.0,Forecast
2027-06-01,WI,PHYSICAL,ILP,612.29,Forecast
2027-06-01,WI,PHYSICAL,PDL,0.0,Forecast
2027-06-01,WY,DIGITAL,PDL,503.71,Forecast
2027-06-01,WY,PHYSICAL,PDL,1631.35,Forecast
2027-07-01,AL,DIGITAL,ILP,1211.94,Forecast
2027-07-01,AL,DIGITAL,PDL,0.0,Forecast
2027-07-01,AL,PHYSICAL,ILP,4867.51,Forecast
2027-07-01,AL,PHYSICAL,PDL,0.0,Forecast
2027-07-01,CA,DIGITAL,ILP,0.0,Forecast
2027-07-01,CA,DIGITAL,PDL,14315.26,Forecast
2027-07-01,CA,PHYSICAL,ILP,0.0,Forecast
2027-07-01,CA,PHYSICAL,PDL,39609.33,Forecast
2027-07-01,CO,DIGITAL,ILP,0.0,Forecast
2027-07-01,CO,PHYSICAL,ILP,0.0,Forecast
2027-07-01,CO,PHYSICAL,PDL,0.0,Forecast
2027-07-01,DE,DIGITAL,ILP,99.47,Forecast
2027-07-01,DE,DIGITAL,PDL,0.0,Forecast
2027-07-01,DE,PHYSICAL,ILP,202.98,Forecast
2027-07-01,DE,PHYSICAL,PDL,0.0,Forecast
2027-07-01,FL,DIGITAL,ILP,7609.4,Forecast
2027-07-01,FL,DIGITAL,PDL,1087.47,Forecast
2027-07-01,FL,PHYSICAL,ILP,23566.6,Forecast
2027-07-01,FL,PHYSICAL,PDL,9180.19,Forecast
2027-07-01,IA,DIGITAL,PDL,1447.82,Forecast
2027-07-01,IA,PHYSICAL,PDL,5103.6,Forecast
2027-07-01,ID,DIGITAL,ILP,75.2,Forecast
2027-07-01,ID,DIGITAL,PDL,0.0,Forecast
2027-07-01,ID,PHYSICAL,ILP,59.57,Forecast
2027-07-01,ID,PHYSICAL,PDL,0.0,Forecast
2027-07-01,IN,DIGITAL,PDL,2172.08,Forecast
2027-07-01,IN,PHYSICAL,PDL,8139.13,Forecast
2027-07-01,KS,DIGITAL,PDL,0.77,Forecast
2027-07-01,KS,PHYSICAL,PDL,2.76,Forecast
2027-07-01,KY,DIGITAL,PDL,634.13,Forecast
2027-07-01,KY,PHYSICAL,PDL,4182.22,Forecast
2027-07-01,LA,DIGITAL,PDL,1514.57,Forecast
2027-07-01,LA,PHYSICAL,ILP,0.0,Forecast
2027-07-01,LA,PHYSICAL,PDL,8501.58,Forecast
2027-07-01,MI,DIGITAL,ILP,0.0,Forecast
2027-07-01,MI,DIGITAL,PDL,7319.86,Forecast
2027-07-01,MI,PHYSICAL,ILP,0.0,Forecast
2027-07-01,MI,PHYSICAL,PDL,22804.08,Forecast
2027-07-01,MO,DIGITAL,ILP,563.07,Forecast
2027-07-01,MO,DIGITAL,PDL,0.0,Forecast
2027-07-01,MO,PHYSICAL,ILP,1094.26,Forecast
2027-07-01,MO,PHYSICAL,PDL,0.0,Forecast
2027-07-01,MS,DIGITAL,ILP,850.93,Forecast
2027-07-01,MS,DIGITAL,PDL,2.9,Forecast
2027-07-01,MS,PHYSICAL,ILP,2663.33,Forecast
2027-07-01,MS,PHYSICAL,PDL,8.26,Forecast
2027-07-01,NV,DIGITAL,ILP,294.71,Forecast
2027-07-01,NV,DIGITAL,PDL,0.0,Forecast
2027-07-01,NV,PHYSICAL,ILP,649.53,Forecast
2027-07-01,NV,PHYSICAL,PDL,0.0,Forecast
2027-07-01,OH,DIGITAL,ILP,1830.48,Forecast
2027-07-01,OH,DIGITAL,PDL,0.0,Forecast
2027-07-01,OH,PHYSICAL,ILP,4196.49,Forecast
2027-07-01,OH,PHYSICAL,PDL,0.0,Forecast
2027-07-01,OK,DIGITAL,ILP,976.17,Forecast
2027-07-01,OK,DIGITAL,PDL,0.0,Forecast
2027-07-01,OK,PHYSICAL,ILP,1914.94,Forecast
2027-07-01,OK,PHYSICAL,PDL,0.0,Forecast
2027-07-01,RI,DIGITAL,PDL,759.23,Forecast
2027-07-01,RI,PHYSICAL,PDL,3973.01,Forecast
2027-07-01,SC,DIGITAL,ILP,0.0,Forecast
2027-07-01,SC,DIGITAL,PDL,0.0,Forecast
2027-07-01,SC,PHYSICAL,ILP,0.0,Forecast
2027-07-01,SC,PHYSICAL,PDL,0.0,Forecast
2027-07-01,TN,DIGITAL,PDL,15.6,Forecast
2027-07-01,TN,PHYSICAL,PDL,38.24,Forecast
2027-07-01,TX,DIGITAL,ILP,4491.93,Forecast
2027-07-01,TX,DIGITAL,PDL,75.71,Forecast
2027-07-01,TX,PHYSICAL,ILP,8253.4,Forecast
2027-07-01,TX,PHYSICAL,PDL,38.61,Forecast
2027-07-01,UT,DIGITAL,ILP,63.29,Forecast
2027-07-01,UT,PHYSICAL,ILP,15.58,Forecast
2027-07-01,UT,PHYSICAL,PDL,0.0,Forecast
2027-07-01,WI,DIGITAL,ILP,389.39,Forecast
2027-07-01,WI,DIGITAL,PDL,0.0,Forecast
2027-07-01,WI,PHYSICAL,ILP,614.09,Forecast
2027-07-01,WI,PHYSICAL,PDL,0.0,Forecast
2027-07-01,WY,DIGITAL,PDL,503.44,Forecast
2027-07-01,WY,PHYSICAL,PDL,1631.98,Forecast
2027-08-01,AL,DIGITAL,ILP,1224.43,Forecast
2027-08-01,AL,DIGITAL,PDL,0.0,Forecast
2027-08-01,AL,PHYSICAL,ILP,4885.6,Forecast
2027-08-01,AL,PHYSICAL,PDL,0.0,Forecast
2027-08-01,CA,DIGITAL,ILP,0.0,Forecast
2027-08-01,CA,DIGITAL,PDL,14357.12,Forecast
2027-08-01,CA,PHYSICAL,ILP,0.0,Forecast
2027-08-01,CA,PHYSICAL,PDL,39757.92,Forecast
2027-08-01,CO,DIGITAL,ILP,0.0,Forecast
2027-08-01,CO,PHYSICAL,ILP,0.0,Forecast
2027-08-01,CO,PHYSICAL,PDL,0.0,Forecast
2027-08-01,DE,DIGITAL,ILP,99.54,Forecast
2027-08-01,DE,DIGITAL,PDL,0.0,Forecast
2027-08-01,DE,PHYSICAL,ILP,204.91,Forecast
2027-08-01,DE,PHYSICAL,PDL,0.0,Forecast
2027-08-01,FL,DIGITAL,ILP,7696.06,Forecast
2027-08-01,FL,DIGITAL,PDL,1061.17,Forecast
2027-08-01,FL,PHYSICAL,ILP,23887.81,Forecast
2027-08-01,FL,PHYSICAL,PDL,8989.05,Forecast
2027-08-01,IA,DIGITAL,PDL,1458.36,Forecast
2027-08-01,IA,PHYSICAL,PDL,5127.12,Forecast
2027-08-01,ID,DIGITAL,ILP,75.84,Forecast
2027-08-01,ID,DIGITAL,PDL,0.0,Forecast
2027-08-01,ID,PHYSICAL,ILP,61.03,Forecast
2027-08-01,ID,PHYSICAL,PDL,0.0,Forecast
2027-08-01,IN,DIGITAL,PDL,2145.71,Forecast
2027-08-01,IN,PHYSICAL,PDL,8031.0,Forecast
2027-08-01,KS,DIGITAL,PDL,0.77,Forecast
2027-08-01,KS,PHYSICAL,PDL,2.77,Forecast
2027-08-01,KY,DIGITAL,PDL,639.91,Forecast
2027-08-01,KY,PHYSICAL,PDL,4215.93,Forecast
2027-08-01,LA,DIGITAL,PDL,1518.68,Forecast
2027-08-01,LA,PHYSICAL,ILP,0.0,Forecast
2027-08-01,LA,PHYSICAL,PDL,8508.38,Forecast
2027-08-01,MI,DIGITAL,ILP,0.0,Forecast
2027-08-01,MI,DIGITAL,PDL,7323.68,Forecast
2027-08-01,MI,PHYSICAL,ILP,0.0,Forecast
2027-08-01,MI,PHYSICAL,PDL,22821.85,Forecast
2027-08-01,MO,DIGITAL,ILP,566.07,Forecast
2027-08-01,MO,DIGITAL,PDL,0.0,Forecast
2027-08-01,MO,PHYSICAL,ILP,1110.41,Forecast
2027-08-01,MO,PHYSICAL,PDL,0.0,Forecast
2027-08-01,MS,DIGITAL,ILP,859.73,Forecast
2027-08-01,MS,DIGITAL,PDL,2.82,Forecast
2027-08-01,MS,PHYSICAL,ILP,2688.95,Forecast
2027-08-01,MS,PHYSICAL,PDL,8.14,Forecast
2027-08-01,NV,DIGITAL,ILP,297.9,Forecast
2027-08-01,NV,DIGITAL,PDL,0.0,Forecast
2027-08-01,NV,PHYSICAL,ILP,654.53,Forecast
2027-08-01,NV,PHYSICAL,PDL,0.0,Forecast
2027-08-01,OH,DIGITAL,ILP,1808.12,Forecast
2027-08-01,OH,DIGITAL,PDL,0.0,Forecast
2027-08-01,OH,PHYSICAL,ILP,4131.08,Forecast
2027-08-01,OH,PHYSICAL,PDL,0.0,Forecast
2027-08-01,OK,DIGITAL,ILP,981.16,Forecast
2027-08-01,OK,DIGITAL,PDL,0.0,Forecast
2027-08-01,OK,PHYSICAL,ILP,1921.27,Forecast
2027-08-01,OK,PHYSICAL,PDL,0.0,Forecast
2027-08-01,RI,DIGITAL,PDL,752.25,Forecast
2027-08-01,RI,PHYSICAL,PDL,3945.31,Forecast
2027-08-01,SC,DIGITAL,ILP,0.0,Forecast
2027-08-01,SC,DIGITAL,PDL,0.0,Forecast
2027-08-01,SC,PHYSICAL,ILP,0.0,Forecast
2027-08-01,SC,PHYSICAL,PDL,0.0,Forecast
2027-08-01,TN,DIGITAL,PDL,15.24,Forecast
2027-08-01,TN,PHYSICAL,PDL,36.64,Forecast
2027-08-01,TX,DIGITAL,ILP,4572.65,Forecast
2027-08-01,TX,DIGITAL,PDL,72.23,Forecast
2027-08-01,TX,PHYSICAL,ILP,8422.42,Forecast
2027-08-01,TX,PHYSICAL,PDL,37.48,Forecast
2027-08-01,UT,DIGITAL,ILP,64.35,Forecast
2027-08-01,UT,PHYSICAL,ILP,16.6,Forecast
2027-08-01,UT,PHYSICAL,PDL,0.0,Forecast
2027-08-01,WI,DIGITAL,ILP,391.78,Forecast
2027-08-01,WI,DIGITAL,PDL,0.0,Forecast
2027-08-01,WI,PHYSICAL,ILP,621.45,Forecast
2027-08-01,WI,PHYSICAL,PDL,0.0,Forecast
2027-08-01,WY,DIGITAL,PDL,505.77,Forecast
2027-08-01,WY,PHYSICAL,PDL,1640.02,Forecast
2027-09-01,AL,DIGITAL,ILP,1244.86,Forecast
2027-09-01,AL,DIGITAL,PDL,0.0,Forecast
2027-09-01,AL,PHYSICAL,ILP,4932.0,Forecast
2027-09-01,AL,PHYSICAL,PDL,0.0,Forecast
2027-09-01,CA,DIGITAL,ILP,0.0,Forecast
2027-09-01,CA,DIGITAL,PDL,14459.87,Forecast
2027-09-01,CA,PHYSICAL,ILP,0.0,Forecast
2027-09-01,CA,PHYSICAL,PDL,40033.93,Forecast
2027-09-01,CO,DIGITAL,ILP,0.0,Forecast
2027-09-01,CO,PHYSICAL,ILP,0.0,Forecast
2027-09-01,CO,PHYSICAL,PDL,0.0,Forecast
2027-09-01,DE,DIGITAL,ILP,100.84,Forecast
2027-09-01,DE,DIGITAL,PDL,0.0,Forecast
2027-09-01,DE,PHYSICAL,ILP,208.01,Forecast
2027-09-01,DE,PHYSICAL,PDL,0.0,Forecast
2027-09-01,FL,DIGITAL,ILP,7827.41,Forecast
2027-09-01,FL,DIGITAL,PDL,1037.01,Forecast
2027-09-01,FL,PHYSICAL,ILP,24311.45,Forecast
2027-09-01,FL,PHYSICAL,PDL,8805.46,Forecast
2027-09-01,IA,DIGITAL,PDL,1473.09,Forecast
2027-09-01,IA,PHYSICAL,PDL,5166.74,Forecast
2027-09-01,ID,DIGITAL,ILP,77.06,Forecast
2027-09-01,ID,DIGITAL,PDL,0.0,Forecast
2027-09-01,ID,PHYSICAL,ILP,62.7,Forecast
2027-09-01,ID,PHYSICAL,PDL,0.0,Forecast
2027-09-01,IN,DIGITAL,PDL,2131.22,Forecast
2027-09-01,IN,PHYSICAL,PDL,7958.5,Forecast
2027-09-01,KS,DIGITAL,PDL,0.77,Forecast
2027-09-01,KS,PHYSICAL,PDL,2.78,Forecast
2027-09-01,KY,DIGITAL,PDL,646.44,Forecast
2027-09-01,KY,PHYSICAL,PDL,4250.75,Forecast
2027-09-01,LA,DIGITAL,PDL,1530.23,Forecast
2027-09-01,LA,PHYSICAL,ILP,0.0,Forecast
2027-09-01,LA,PHYSICAL,PDL,8553.08,Forecast
2027-09-01,MI,DIGITAL,ILP,0.0,Forecast
2027-09-01,MI,DIGITAL,PDL,7338.55,Forecast
2027-09-01,MI,PHYSICAL,ILP,0.0,Forecast
2027-09-01,MI,PHYSICAL,PDL,22874.95,Forecast
2027-09-01,MO,DIGITAL,ILP,577.31,Forecast
2027-09-01,MO,DIGITAL,PDL,0.0,Forecast
2027-09-01,MO,PHYSICAL,ILP,1136.26,Forecast
2027-09-01,MO,PHYSICAL,PDL,0.0,Forecast
2027-09-01,MS,DIGITAL,ILP,880.15,Forecast
2027-09-01,MS,DIGITAL,PDL,2.76,Forecast
2027-09-01,MS,PHYSICAL,ILP,2743.91,Forecast
2027-09-01,MS,PHYSICAL,PDL,8.05,Forecast
2027-09-01,NV,DIGITAL,ILP,303.03,Forecast
2027-09-01,NV,DIGITAL,PDL,0.0,Forecast
2027-09-01,NV,PHYSICAL,ILP,663.79,Forecast
2027-09-01,NV,PHYSICAL,PDL,0.0,Forecast
2027-09-01,OH,DIGITAL,ILP,1792.84,Forecast
2027-09-01,OH,DIGITAL,PDL,0.0,Forecast
2027-09-01,OH,PHYSICAL,ILP,4079.42,Forecast
2027-09-01,OH,PHYSICAL,PDL,0.0,Forecast
2027-09-01,OK,DIGITAL,ILP,994.45,Forecast
2027-09-01,OK,DIGITAL,PDL,0.0,Forecast
2027-09-01,OK,PHYSICAL,ILP,1942.52,Forecast
2027-09-01,OK,PHYSICAL,PDL,0.0,Forecast
2027-09-01,RI,DIGITAL,PDL,748.85,Forecast
2027-09-01,RI,PHYSICAL,PDL,3930.5,Forecast
2027-09-01,SC,DIGITAL,ILP,0.0,Forecast
2027-09-01,SC,DIGITAL,PDL,0.0,Forecast
2027-09-01,SC,PHYSICAL,ILP,0.0,Forecast
2027-09-01,SC,PHYSICAL,PDL,0.0,Forecast
2027-09-01,TN,DIGITAL,PDL,14.95,Forecast
2027-09-01,TN,PHYSICAL,PDL,35.32,Forecast
2027-09-01,TX,DIGITAL,ILP,4699.49,Forecast
2027-09-01,TX,DIGITAL,PDL,69.27,Forecast
2027-09-01,TX,PHYSICAL,ILP,8684.39,Forecast
2027-09-01,TX,PHYSICAL,PDL,36.56,Forecast
2027-09-01,UT,DIGITAL,ILP,66.17,Forecast
2027-09-01,UT,PHYSICAL,ILP,17.88,Forecast
2027-09-01,UT,PHYSICAL,PDL,0.0,Forecast
2027-09-01,WI,DIGITAL,ILP,400.4,Forecast
2027-09-01,WI,DIGITAL,PDL,0.0,Forecast
2027-09-01,WI,PHYSICAL,ILP,633.76,Forecast
2027-09-01,WI,PHYSICAL,PDL,0.0,Forecast
2027-09-01,WY,DIGITAL,PDL,508.88,Forecast
2027-09-01,WY,PHYSICAL,PDL,1652.35,Forecast
2027-10-01,AL,DIGITAL,ILP,1273.25,Forecast
2027-10-01,AL,DIGITAL,PDL,0.0,Forecast
2027-10-01,AL,PHYSICAL,ILP,5007.22,Forecast
2027-10-01,AL,PHYSICAL,PDL,0.0,Forecast
2027-10-01,CA,DIGITAL,ILP,0.0,Forecast
2027-10-01,CA,DIGITAL,PDL,14583.91,Forecast
2027-10-01,CA,PHYSICAL,ILP,0.0,Forecast
2027-10-01,CA,PHYSICAL,PDL,40358.27,Forecast
2027-10-01,CO,DIGITAL,ILP,0.0,Forecast
2027-10-01,CO,PHYSICAL,ILP,0.0,Forecast
2027-10-01,CO,PHYSICAL,PDL,0.0,Forecast
2027-10-01,DE,DIGITAL,ILP,102.51,Forecast
2027-10-01,DE,DIGITAL,PDL,0.0,Forecast
2027-10-01,DE,PHYSICAL,ILP,212.12,Forecast
2027-10-01,DE,PHYSICAL,PDL,0.0,Forecast
2027-10-01,FL,DIGITAL,ILP,7961.94,Forecast
2027-10-01,FL,DIGITAL,PDL,1014.24,Forecast
2027-10-01,FL,PHYSICAL,ILP,24740.61,Forecast
2027-10-01,FL,PHYSICAL,PDL,8629.47,Forecast
2027-10-01,IA,DIGITAL,PDL,1482.18,Forecast
2027-10-01,IA,PHYSICAL,PDL,5185.04,Forecast
2027-10-01,ID,DIGITAL,ILP,78.37,Forecast
2027-10-01,ID,DIGITAL,PDL,0.0,Forecast
2027-10-01,ID,PHYSICAL,ILP,64.36,Forecast
2027-10-01,ID,PHYSICAL,PDL,0.0,Forecast
2027-10-01,IN,DIGITAL,PDL,2120.34,Forecast
2027-10-01,IN,PHYSICAL,PDL,7897.92,Forecast
2027-10-01,KS,DIGITAL,PDL,0.77,Forecast
2027-10-01,KS,PHYSICAL,PDL,2.78,Forecast
2027-10-01,KY,DIGITAL,PDL,649.71,Forecast
2027-10-01,KY,PHYSICAL,PDL,4257.79,Forecast
2027-10-01,LA,DIGITAL,PDL,1545.02,Forecast
2027-10-01,LA,PHYSICAL,ILP,0.0,Forecast
2027-10-01,LA,PHYSICAL,PDL,8617.01,Forecast
2027-10-01,MI,DIGITAL,ILP,0.0,Forecast
2027-10-01,MI,DIGITAL,PDL,7328.2,Forecast
2027-10-01,MI,PHYSICAL,ILP,0.0,Forecast
2027-10-01,MI,PHYSICAL,PDL,22853.1,Forecast
2027-10-01,MO,DIGITAL,ILP,591.6,Forecast
2027-10-01,MO,DIGITAL,PDL,0.0,Forecast
2027-10-01,MO,PHYSICAL,ILP,1167.11,Forecast
2027-10-01,MO,PHYSICAL,PDL,0.0,Forecast
2027-10-01,MS,DIGITAL,ILP,903.65,Forecast
2027-10-01,MS,DIGITAL,PDL,2.71,Forecast
2027-10-01,MS,PHYSICAL,ILP,2812.12,Forecast
2027-10-01,MS,PHYSICAL,PDL,7.99,Forecast
2027-10-01,NV,DIGITAL,ILP,309.54,Forecast
2027-10-01,NV,DIGITAL,PDL,0.0,Forecast
2027-10-01,NV,PHYSICAL,ILP,675.66,Forecast
2027-10-01,NV,PHYSICAL,PDL,0.0,Forecast
2027-10-01,OH,DIGITAL,ILP,1790.45,Forecast
2027-10-01,OH,DIGITAL,PDL,0.0,Forecast
2027-10-01,OH,PHYSICAL,ILP,4050.27,Forecast
2027-10-01,OH,PHYSICAL,PDL,0.0,Forecast
2027-10-01,OK,DIGITAL,ILP,1013.39,Forecast
2027-10-01,OK,DIGITAL,PDL,0.0,Forecast
2027-10-01,OK,PHYSICAL,ILP,1976.34,Forecast
2027-10-01,OK,PHYSICAL,PDL,0.0,Forecast
2027-10-01,RI,DIGITAL,PDL,747.27,Forecast
2027-10-01,RI,PHYSICAL,PDL,3922.18,Forecast
2027-10-01,SC,DIGITAL,ILP,0.0,Forecast
2027-10-01,SC,DIGITAL,PDL,0.0,Forecast
2027-10-01,SC,PHYSICAL,ILP,0.0,Forecast
2027-10-01,SC,PHYSICAL,PDL,0.0,Forecast
2027-10-01,TN,DIGITAL,PDL,14.72,Forecast
2027-10-01,TN,PHYSICAL,PDL,34.23,Forecast
2027-10-01,TX,DIGITAL,ILP,4825.89,Forecast
2027-10-01,TX,DIGITAL,PDL,66.62,Forecast
2027-10-01,TX,PHYSICAL,ILP,8967.86,Forecast
2027-10-01,TX,PHYSICAL,PDL,35.79,Forecast
2027-10-01,UT,DIGITAL,ILP,68.08,Forecast
2027-10-01,UT,PHYSICAL,ILP,18.97,Forecast
2027-10-01,UT,PHYSICAL,PDL,0.0,Forecast
2027-10-01,WI,DIGITAL,ILP,412.47,Forecast
2027-10-01,WI,DIGITAL,PDL,0.0,Forecast
2027-10-01,WI,PHYSICAL,ILP,649.66,Forecast
2027-10-01,WI,PHYSICAL,PDL,0.0,Forecast
2027-10-01,WY,DIGITAL,PDL,512.2,Forecast
2027-10-01,WY,PHYSICAL,PDL,1664.32,Forecast
2027-11-01,AL,DIGITAL,ILP,1306.54,Forecast
2027-11-01,AL,DIGITAL,PDL,0.0,Forecast
2027-11-01,AL,PHYSICAL,ILP,5103.24,Forecast
2027-11-01,AL,PHYSICAL,PDL,0.0,Forecast
2027-11-01,CA,DIGITAL,ILP,0.0,Forecast
2027-11-01,CA,DIGITAL,PDL,14684.77,Forecast
2027-11-01,CA,PHYSICAL,ILP,0.0,Forecast
2027-11-01,CA,PHYSICAL,PDL,40636.58,Forecast
2027-11-01,CO,DIGITAL,ILP,0.0,Forecast
2027-11-01,CO,PHYSICAL,ILP,0.0,Forecast
2027-11-01,CO,PHYSICAL,PDL,0.0,Forecast
2027-11-01,DE,DIGITAL,ILP,104.42,Forecast
2027-11-01,DE,DIGITAL,PDL,0.0,Forecast
2027-11-01,DE,PHYSICAL,ILP,216.23,Forecast
2027-11-01,DE,PHYSICAL,PDL,0.0,Forecast
2027-11-01,FL,DIGITAL,ILP,8074.72,Forecast
2027-11-01,FL,DIGITAL,PDL,992.98,Forecast
2027-11-01,FL,PHYSICAL,ILP,25117.16,Forecast
2027-11-01,FL,PHYSICAL,PDL,8460.24,Forecast
2027-11-01,IA,DIGITAL,PDL,1482.79,Forecast
2027-11-01,IA,PHYSICAL,PDL,5171.52,Forecast
2027-11-01,ID,DIGITAL,ILP,79.38,Forecast
2027-11-01,ID,DIGITAL,PDL,0.0,Forecast
2027-11-01,ID,PHYSICAL,ILP,66.0,Forecast
2027-11-01,ID,PHYSICAL,PDL,0.0,Forecast
2027-11-01,IN,DIGITAL,PDL,2104.47,Forecast
2027-11-01,IN,PHYSICAL,PDL,7821.6,Forecast
2027-11-01,KS,DIGITAL,PDL,0.77,Forecast
2027-11-01,KS,PHYSICAL,PDL,2.79,Forecast
2027-11-01,KY,DIGITAL,PDL,649.58,Forecast
2027-11-01,KY,PHYSICAL,PDL,4237.83,Forecast
2027-11-01,LA,DIGITAL,PDL,1558.1,Forecast
2027-11-01,LA,PHYSICAL,ILP,0.0,Forecast
2027-11-01,LA,PHYSICAL,PDL,8674.99,Forecast
2027-11-01,MI,DIGITAL,ILP,0.0,Forecast
2027-11-01,MI,DIGITAL,PDL,7295.95,Forecast
2027-11-01,MI,PHYSICAL,ILP,0.0,Forecast
2027-11-01,MI,PHYSICAL,PDL,22764.48,Forecast
2027-11-01,MO,DIGITAL,ILP,603.77,Forecast
2027-11-01,MO,DIGITAL,PDL,0.0,Forecast
2027-11-01,MO,PHYSICAL,ILP,1198.08,Forecast
2027-11-01,MO,PHYSICAL,PDL,0.0,Forecast
2027-11-01,MS,DIGITAL,ILP,924.76,Forecast
2027-11-01,MS,DIGITAL,PDL,2.67,Forecast
2027-11-01,MS,PHYSICAL,ILP,2876.97,Forecast
2027-11-01,MS,PHYSICAL,PDL,7.94,Forecast
2027-11-01,NV,DIGITAL,ILP,316.97,Forecast
2027-11-01,NV,DIGITAL,PDL,0.0,Forecast
2027-11-01,NV,PHYSICAL,ILP,688.7,Forecast
2027-11-01,NV,PHYSICAL,PDL,0.0,Forecast
2027-11-01,OH,DIGITAL,ILP,1791.61,Forecast
2027-11-01,OH,DIGITAL,PDL,0.0,Forecast
2027-11-01,OH,PHYSICAL,ILP,4029.07,Forecast
2027-11-01,OH,PHYSICAL,PDL,0.0,Forecast
2027-11-01,OK,DIGITAL,ILP,1034.07,Forecast
2027-11-01,OK,DIGITAL,PDL,0.0,Forecast
2027-11-01,OK,PHYSICAL,ILP,2016.35,Forecast
2027-11-01,OK,PHYSICAL,PDL,0.0,Forecast
2027-11-01,RI,DIGITAL,PDL,745.11,Forecast
2027-11-01,RI,PHYSICAL,PDL,3911.95,Forecast
2027-11-01,SC,DIGITAL,ILP,0.0,Forecast
2027-11-01,SC,DIGITAL,PDL,0.0,Forecast
2027-11-01,SC,PHYSICAL,ILP,0.0,Forecast
2027-11-01,SC,PHYSICAL,PDL,0.0,Forecast
2027-11-01,TN,DIGITAL,PDL,14.54,Forecast
2027-11-01,TN,PHYSICAL,PDL,33.34,Forecast
2027-11-01,TX,DIGITAL,ILP,4918.58,Forecast
2027-11-01,TX,DIGITAL,PDL,64.26,Forecast
2027-11-01,TX,PHYSICAL,ILP,9210.41,Forecast
2027-11-01,TX,PHYSICAL,PDL,35.13,Forecast
2027-11-01,UT,DIGITAL,ILP,69.48,Forecast
2027-11-01,UT,PHYSICAL,ILP,19.9,Forecast
2027-11-01,UT,PHYSICAL,PDL,0.0,Forecast
2027-11-01,WI,DIGITAL,ILP,423.9,Forecast
2027-11-01,WI,DIGITAL,PDL,0.0,Forecast
2027-11-01,WI,PHYSICAL,ILP,666.69,Forecast
2027-11-01,WI,PHYSICAL,PDL,0.0,Forecast
2027-11-01,WY,DIGITAL,PDL,514.13,Forecast
2027-11-01,WY,PHYSICAL,PDL,1671.55,Forecast
2027-12-01,AL,DIGITAL,ILP,1340.93,Forecast
2027-12-01,AL,DIGITAL,PDL,0.0,Forecast
2027-12-01,AL,PHYSICAL,ILP,5210.72,Forecast
2027-12-01,AL,PHYSICAL,PDL,0.0,Forecast
2027-12-01,CA,DIGITAL,ILP,0.0,Forecast
2027-12-01,CA,DIGITAL,PDL,14723.91,Forecast
2027-12-01,CA,PHYSICAL,ILP,0.0,Forecast
2027-12-01,CA,PHYSICAL,PDL,40787.03,Forecast
2027-12-01,CO,DIGITAL,ILP,0.0,Forecast
2027-12-01,CO,PHYSICAL,ILP,0.0,Forecast
2027-12-01,CO,PHYSICAL,PDL,0.0,Forecast
2027-12-01,DE,DIGITAL,ILP,105.74,Forecast
2027-12-01,DE,DIGITAL,PDL,0.0,Forecast
2027-12-01,DE,PHYSICAL,ILP,219.82,Forecast
2027-12-01,DE,PHYSICAL,PDL,0.0,Forecast
2027-12-01,FL,DIGITAL,ILP,8168.13,Forecast
2027-12-01,FL,DIGITAL,PDL,972.85,Forecast
2027-12-01,FL,PHYSICAL,ILP,25449.03,Forecast
2027-12-01,FL,PHYSICAL,PDL,8297.31,Forecast
2027-12-01,IA,DIGITAL,PDL,1478.06,Forecast
2027-12-01,IA,PHYSICAL,PDL,5138.14,Forecast
2027-12-01,ID,DIGITAL,ILP,79.95,Forecast
2027-12-01,ID,DIGITAL,PDL,0.0,Forecast
2027-12-01,ID,PHYSICAL,ILP,67.11,Forecast
2027-12-01,ID,PHYSICAL,PDL,0.0,Forecast
2027-12-01,IN,DIGITAL,PDL,2075.77,Forecast
2027-12-01,IN,PHYSICAL,PDL,7705.48,Forecast
2027-12-01,KS,DIGITAL,PDL,0.77,Forecast
2027-12-01,KS,PHYSICAL,PDL,2.79,Forecast
2027-12-01,KY,DIGITAL,PDL,648.97,Forecast
2027-12-01,KY,PHYSICAL,PDL,4209.17,Forecast
2027-12-01,LA,DIGITAL,PDL,1565.15,Forecast
2027-12-01,LA,PHYSICAL,ILP,0.0,Forecast
2027-12-01,LA,PHYSICAL,PDL,8704.99,Forecast
2027-12-01,MI,DIGITAL,ILP,0.0,Forecast
2027-12-01,MI,DIGITAL,PDL,7261.91,Forecast
2027-12-01,MI,PHYSICAL,ILP,0.0,Forecast
2027-12-01,MI,PHYSICAL,PDL,22669.55,Forecast
2027-12-01,MO,DIGITAL,ILP,611.92,Forecast
2027-12-01,MO,DIGITAL,PDL,0.0,Forecast
2027-12-01,MO,PHYSICAL,ILP,1224.41,Forecast
2027-12-01,MO,PHYSICAL,PDL,0.0,Forecast
2027-12-01,MS,DIGITAL,ILP,941.12,Forecast
2027-12-01,MS,DIGITAL,PDL,2.63,Forecast
2027-12-01,MS,PHYSICAL,ILP,2932.91,Forecast
2027-12-01,MS,PHYSICAL,PDL,7.91,Forecast
2027-12-01,NV,DIGITAL,ILP,323.92,Forecast
2027-12-01,NV,DIGITAL,PDL,0.0,Forecast
2027-12-01,NV,PHYSICAL,ILP,701.52,Forecast
2027-12-01,NV,PHYSICAL,PDL,0.0,Forecast
2027-12-01,OH,DIGITAL,ILP,1788.81,Forecast
2027-12-01,OH,DIGITAL,PDL,0.0,Forecast
2027-12-01,OH,PHYSICAL,ILP,4004.77,Forecast
2027-12-01,OH,PHYSICAL,PDL,0.0,Forecast
2027-12-01,OK,DIGITAL,ILP,1051.59,Forecast
2027-12-01,OK,DIGITAL,PDL,0.0,Forecast
2027-12-01,OK,PHYSICAL,ILP,2054.66,Forecast
2027-12-01,OK,PHYSICAL,PDL,0.0,Forecast
2027-12-01,RI,DIGITAL,PDL,740.47,Forecast
2027-12-01,RI,PHYSICAL,PDL,3891.99,Forecast
2027-12-01,SC,DIGITAL,ILP,0.0,Forecast
2027-12-01,SC,DIGITAL,PDL,0.0,Forecast
2027-12-01,SC,PHYSICAL,ILP,0.0,Forecast
2027-12-01,SC,PHYSICAL,PDL,0.0,Forecast
2027-12-01,TN,DIGITAL,PDL,14.4,Forecast
2027-12-01,TN,PHYSICAL,PDL,32.61,Forecast
2027-12-01,TX,DIGITAL,ILP,4982.44,Forecast
2027-12-01,TX,DIGITAL,PDL,62.2,Forecast
2027-12-01,TX,PHYSICAL,ILP,9396.19,Forecast
2027-12-01,TX,PHYSICAL,PDL,34.57,Forecast
2027-12-01,UT,DIGITAL,ILP,69.7,Forecast
2027-12-01,UT,PHYSICAL,ILP,20.52,Forecast
2027-12-01,UT,PHYSICAL,PDL,0.0,Forecast
2027-12-01,WI,DIGITAL,ILP,433.16,Forecast
2027-12-01,WI,DIGITAL,PDL,0.0,Forecast
2027-12-01,WI,PHYSICAL,ILP,681.66,Forecast
2027-12-01,WI,PHYSICAL,PDL,0.0,Forecast
2027-12-01,WY,DIGITAL,PDL,514.1,Forecast
2027-12-01,WY,PHYSICAL,PDL,1670.96,Forecast
